2026-04-06 08:40:18 - ID DUPLICADO: Duplicado detectado en BD. UUID=14853c61-6090-45c0-827c-532258c6f451, idFactura=FACTURA-12345
2026-04-06 08:40:18 - ID DUPLICADO: Duplicado detectado en BD. UUID=d1a4daa9-cdf7-4d5e-9bec-10def57f9a7d, idFactura=FACTURA-12345
2026-04-06 08:40:18 - ID DUPLICADO: Duplicado detectado en BD. UUID=e7ff30f3-a4e0-4da2-9284-05bfdb33926e, idFactura=FACTURA-12345
2026-04-06 08:40:18 - ID DUPLICADO: Duplicado detectado en BD. UUID=d8e2f32d-94d4-4923-bf1a-18c23903661d, idFactura=FACTURA-12345
2026-04-06 08:40:18 - ID DUPLICADO: Duplicado detectado en BD. UUID=a9b9aa61-4ca7-4a5a-958e-8f04c5856403, idFactura=FACTURA-12345
2026-04-06 08:40:18 - ID DUPLICADO: Duplicado detectado en BD. UUID=c2467003-d07d-43e3-8a56-e1429a75ec4e, idFactura=FACTURA-12345
2026-04-06 08:40:18 - ID DUPLICADO: Duplicado detectado en BD. UUID=5a01fb3d-5f2c-4ad0-86d8-34328efcd6fd, idFactura=FACTURA-12345
2026-04-06 08:40:18 - ID DUPLICADO: Duplicado detectado en BD. UUID=25eb9f0d-8a65-497e-be61-60903470daf0, idFactura=FACTURA-12345
2026-04-06 08:40:18 - ID DUPLICADO: Duplicado detectado en BD. UUID=8c3398e5-4303-45b9-853a-4ca4e11835c3, idFactura=FACTURA-12345
2026-04-06 08:41:26 - ID DUPLICADO: Duplicado detectado en BD. UUID=82b09596-e802-4d69-adfe-209c8f97d2cc, idFactura=FACTURA-12345
2026-04-06 08:41:26 - ID DUPLICADO: Duplicado detectado en BD. UUID=bb827bb4-b8a2-4f11-9667-9e02a9e160ca, idFactura=FACTURA-12345
2026-04-06 08:41:26 - ID DUPLICADO: Duplicado detectado en BD. UUID=15f37992-bf7d-4b5f-aa50-201af7de7191, idFactura=FACTURA-12345
2026-04-06 08:41:26 - ID DUPLICADO: Duplicado detectado en BD. UUID=f67474c9-69dc-4b17-b9a0-133185586e7d, idFactura=FACTURA-12345
2026-04-06 08:41:26 - ID DUPLICADO: Duplicado detectado en BD. UUID=9fc628e9-e411-41da-9e94-7f9f6e21fe75, idFactura=FACTURA-12345
2026-04-06 08:41:26 - ID DUPLICADO: Duplicado detectado en BD. UUID=e2ce9692-fd26-468f-b247-4249957cd0d7, idFactura=FACTURA-12345
2026-04-06 08:41:26 - ID DUPLICADO: Duplicado detectado en BD. UUID=67831ba7-a085-45e4-a065-b1fa61a57938, idFactura=FACTURA-12345
2026-04-06 08:41:26 - ID DUPLICADO: Duplicado detectado en BD. UUID=b08ad24b-5e89-4cd2-bc00-358c8828d233, idFactura=FACTURA-12345
2026-04-06 08:41:26 - ID DUPLICADO: Duplicado detectado en BD. UUID=3f0406a2-997c-47ab-bab9-08c5627d02c9, idFactura=FACTURA-12345
2026-04-06 08:44:35 - ID DUPLICADO: Duplicado detectado en BD. UUID=bb649c6f-0c6a-4376-b48a-b7768730d48f, idFactura=FACTURA-12345
2026-04-06 08:44:35 - ID DUPLICADO: Duplicado detectado en BD. UUID=a0096f44-ad63-4760-b8b5-3cdff8eb9725, idFactura=FACTURA-12345
2026-04-06 08:44:35 - ID DUPLICADO: Duplicado detectado en BD. UUID=f24229e5-7692-4d83-a0b9-434ccd464af6, idFactura=FACTURA-12345
2026-04-06 08:44:35 - ID DUPLICADO: Duplicado detectado en BD. UUID=2702525b-8351-4f72-a6da-1a17fe9fe8f5, idFactura=FACTURA-12345
2026-04-06 08:44:35 - ID DUPLICADO: Duplicado detectado en BD. UUID=3f9a9b9d-de0c-4705-b77d-7df6a7c6ae72, idFactura=FACTURA-12345
2026-04-06 08:44:35 - ID DUPLICADO: Duplicado detectado en BD. UUID=ef124ae5-652e-47e8-9dbe-9ea3bad06851, idFactura=FACTURA-12345
2026-04-06 08:44:35 - ID DUPLICADO: Duplicado detectado en BD. UUID=56e9b25d-735c-473f-af3c-e7c358212b44, idFactura=FACTURA-12345
2026-04-06 08:44:35 - ID DUPLICADO: Duplicado detectado en BD. UUID=d3ce940e-5a17-449c-a79c-a454654f6d8f, idFactura=FACTURA-12345
2026-04-06 08:44:35 - ID DUPLICADO: Duplicado detectado en BD. UUID=7bca3d10-3795-43e3-bd06-1fa53d2bf003, idFactura=FACTURA-12345
2026-04-06 08:59:39 - ID DUPLICADO: Duplicado detectado en BD. UUID=9fa435a9-902b-4209-b8f8-e38b01b092a7, idFactura=FACTURA-12345
2026-04-06 08:59:39 - ID DUPLICADO: Duplicado detectado en BD. UUID=48818f50-3d2f-4f2e-bad8-f552f11c4e0c, idFactura=FACTURA-12345
2026-04-06 08:59:39 - ID DUPLICADO: Duplicado detectado en BD. UUID=574e3e44-5d17-4080-b97d-fece764764f1, idFactura=FACTURA-12345
2026-04-06 08:59:39 - ID DUPLICADO: Duplicado detectado en BD. UUID=daf24e28-925f-4acf-9231-26c758e043fa, idFactura=FACTURA-12345
2026-04-06 08:59:39 - ID DUPLICADO: Duplicado detectado en BD. UUID=509c6acf-af85-4a47-87f1-ff89000b8583, idFactura=FACTURA-12345
2026-04-06 08:59:39 - ID DUPLICADO: Duplicado detectado en BD. UUID=7f0ee137-af77-46e5-8e78-008c036f0a5b, idFactura=FACTURA-12345
2026-04-06 08:59:39 - ID DUPLICADO: Duplicado detectado en BD. UUID=1ab94b73-9d95-49ff-9dba-06dc8a667aad, idFactura=FACTURA-12345
2026-04-06 08:59:39 - ID DUPLICADO: Duplicado detectado en BD. UUID=d4194a5f-a874-4a32-ad2f-be161ee786ff, idFactura=FACTURA-12345
2026-04-06 08:59:39 - ID DUPLICADO: Duplicado detectado en BD. UUID=62a7c88e-a61a-4a14-b990-b254d6e68d40, idFactura=FACTURA-12345
2026-04-06 09:04:28 - ID DUPLICADO: Duplicado detectado en BD. UUID=e5433229-1b1d-4608-bd1f-7141f05d6ae3, idFactura=FACTURA-12345
2026-04-06 09:04:28 - ID DUPLICADO: Duplicado detectado en BD. UUID=8f8c05bd-01ea-4380-96b9-01f033988255, idFactura=FACTURA-12345
2026-04-06 09:04:28 - ID DUPLICADO: Duplicado detectado en BD. UUID=d76c6787-89ff-4971-8626-e75c360beee8, idFactura=FACTURA-12345
2026-04-06 09:04:28 - ID DUPLICADO: Duplicado detectado en BD. UUID=4b4ce780-6020-4564-8e66-6fb0a41e27c9, idFactura=FACTURA-12345
2026-04-06 09:04:28 - ID DUPLICADO: Duplicado detectado en BD. UUID=efbde36c-9130-4024-980b-b6541e7c2905, idFactura=FACTURA-12345
2026-04-06 09:04:28 - ID DUPLICADO: Duplicado detectado en BD. UUID=f6ea5f7e-7975-491d-aed5-ed2a54f86206, idFactura=FACTURA-12345
2026-04-06 09:04:28 - ID DUPLICADO: Duplicado detectado en BD. UUID=29ab893f-f890-4208-a920-ec0971fe0b9b, idFactura=FACTURA-12345
2026-04-06 09:04:28 - ID DUPLICADO: Duplicado detectado en BD. UUID=c29494b6-bcdf-4ffd-a88e-441db9163bd9, idFactura=FACTURA-12345
2026-04-06 09:04:28 - ID DUPLICADO: Duplicado detectado en BD. UUID=464754d8-d3cb-4aad-b7ff-7fa2c9788e27, idFactura=FACTURA-12345
2026-04-06 09:04:28 - ID DUPLICADO: Duplicado detectado en BD. UUID=1d154641-2202-47e8-a896-19bafa6203bf, idFactura=FACTURA-12345
2026-04-06 09:04:28 - ID DUPLICADO: Duplicado detectado en BD. UUID=d889ba8d-95b7-4ef5-a22e-714820def2ca, idFactura=FACTURA-12345
2026-04-06 09:04:28 - ID DUPLICADO: Duplicado detectado en BD. UUID=7e147bae-907e-4d25-87f3-f97c85560bff, idFactura=FACTURA-12345
2026-04-06 09:04:28 - ID DUPLICADO: Duplicado detectado en BD. UUID=e2f29b43-5198-4a5f-a0d6-9023387b8202, idFactura=FACTURA-12345
2026-04-06 09:04:28 - ID DUPLICADO: Duplicado detectado en BD. UUID=22e8e7dd-a35f-4f83-a1d6-4851bbe22b04, idFactura=FACTURA-12345
2026-04-06 09:04:28 - ID DUPLICADO: Duplicado detectado en BD. UUID=5820d9c8-62cd-4b2e-8920-b57fa1e05344, idFactura=FACTURA-12345
2026-04-06 09:04:28 - ID DUPLICADO: Duplicado detectado en BD. UUID=b832cf6d-3a3d-441a-8fac-f0f270d63e7c, idFactura=FACTURA-12345
2026-04-06 09:04:28 - ID DUPLICADO: Duplicado detectado en BD. UUID=f11f0161-ab1a-4c79-a841-71553fb4d37b, idFactura=FACTURA-12345
2026-04-06 09:04:28 - ID DUPLICADO: Duplicado detectado en BD. UUID=0600c214-594d-4657-87e5-2193408d5e68, idFactura=FACTURA-12345
2026-04-06 09:04:28 - ID DUPLICADO: Duplicado detectado en BD. UUID=57e274db-acd2-4cff-a251-adc99a01bd02, idFactura=FACTURA-12345
2026-04-06 09:04:28 - ID DUPLICADO: Duplicado detectado en BD. UUID=4df6c4da-907e-4101-863d-99c4bf238360, idFactura=FACTURA-12345
2026-04-06 09:04:28 - ID DUPLICADO: Duplicado detectado en BD. UUID=18d12e1b-96a4-480c-9a78-3fec560cbe21, idFactura=FACTURA-12345
2026-04-06 09:04:28 - ID DUPLICADO: Duplicado detectado en BD. UUID=94cd2e39-76a8-42a3-9f90-f82f64e71a4b, idFactura=FACTURA-12345
2026-04-06 09:04:28 - ID DUPLICADO: Duplicado detectado en BD. UUID=5a9a3a06-b253-403d-86d5-646ad5b6aad9, idFactura=FACTURA-12345
2026-04-06 09:04:28 - ID DUPLICADO: Duplicado detectado en BD. UUID=c2d93a5c-f96f-4be9-8436-9a5177be173e, idFactura=FACTURA-12345
2026-04-06 09:04:28 - ID DUPLICADO: Duplicado detectado en BD. UUID=7f51096a-7b6f-40a6-a051-99f22c5d4aa0, idFactura=FACTURA-12345
2026-04-06 09:04:28 - ID DUPLICADO: Duplicado detectado en BD. UUID=680b4678-4e97-41e9-9a69-56e885de39b8, idFactura=FACTURA-12345
2026-04-06 09:04:28 - ID DUPLICADO: Duplicado detectado en BD. UUID=840b2962-c724-4dae-8d0e-a0022a180034, idFactura=FACTURA-12345
2026-04-06 09:04:28 - ID DUPLICADO: Duplicado detectado en BD. UUID=542b451e-5ed8-429b-9cff-a2e45001985c, idFactura=FACTURA-12345
2026-04-06 09:04:28 - ID DUPLICADO: Duplicado detectado en BD. UUID=8d7d8e05-06d8-4dd5-adf1-be13bff50f1b, idFactura=FACTURA-12345
2026-04-06 09:04:28 - ID DUPLICADO: Duplicado detectado en BD. UUID=0fe21153-c57f-4ed3-a301-9e98dcf0f04c, idFactura=FACTURA-12345
2026-04-06 09:04:28 - ID DUPLICADO: Duplicado detectado en BD. UUID=2c5b574d-bd2a-4fa9-ba0e-fc8434010f81, idFactura=FACTURA-12345
2026-04-06 09:04:28 - ID DUPLICADO: Duplicado detectado en BD. UUID=fbc3126b-c434-4751-beea-3a14aaf96b34, idFactura=FACTURA-12345
2026-04-06 09:04:28 - ID DUPLICADO: Duplicado detectado en BD. UUID=83e3ade3-7ca1-4a58-9aca-d973eab61b4f, idFactura=FACTURA-12345
2026-04-06 09:04:28 - ID DUPLICADO: Duplicado detectado en BD. UUID=c173fb88-aae5-4b51-85e9-544b011738c9, idFactura=FACTURA-12345
2026-04-06 09:04:28 - ID DUPLICADO: Duplicado detectado en BD. UUID=f8522d53-8f5e-4ed2-9869-c7304c66d69b, idFactura=FACTURA-12345
2026-04-06 09:04:28 - ID DUPLICADO: Duplicado detectado en BD. UUID=c046f6ae-16ba-40cd-9446-1e735b20b272, idFactura=FACTURA-12345
2026-04-06 09:04:28 - ID DUPLICADO: Duplicado detectado en BD. UUID=0288dc82-8f41-4942-bb02-c46e36971cb9, idFactura=FACTURA-12345
2026-04-06 09:04:28 - ID DUPLICADO: Duplicado detectado en BD. UUID=16d4544d-d7fa-4aac-84f0-e7ad81f0d1e0, idFactura=FACTURA-12345
2026-04-06 09:04:28 - ID DUPLICADO: Duplicado detectado en BD. UUID=67595f04-8cb1-4107-a7ad-6f2b67f03bd5, idFactura=FACTURA-12345
2026-04-06 09:04:28 - ID DUPLICADO: Duplicado detectado en BD. UUID=c679273a-4617-4a39-b4bc-3a969bcca0d1, idFactura=FACTURA-12345
2026-04-06 09:04:28 - ID DUPLICADO: Duplicado detectado en BD. UUID=ba04fb67-6e4d-43fe-8ea4-3c6702dda8f4, idFactura=FACTURA-12345
2026-04-06 09:04:28 - ID DUPLICADO: Duplicado detectado en BD. UUID=31813038-16b3-4cab-9dda-bfb45a4374dc, idFactura=FACTURA-12345
2026-04-06 09:04:28 - ID DUPLICADO: Duplicado detectado en BD. UUID=b155e359-600c-4de1-b0a0-198004479411, idFactura=FACTURA-12345
2026-04-06 09:04:28 - ID DUPLICADO: Duplicado detectado en BD. UUID=c9362ca2-e048-4347-9e50-afe3f850efcb, idFactura=FACTURA-12345
2026-04-06 09:04:28 - ID DUPLICADO: Duplicado detectado en BD. UUID=323e4bb3-cff8-42ee-ad6a-db20a94020e3, idFactura=FACTURA-12345
2026-04-06 09:04:28 - ID DUPLICADO: Duplicado detectado en BD. UUID=aa3bc266-20ac-4207-a52a-aa714874c436, idFactura=FACTURA-12345
2026-04-06 09:04:28 - ID DUPLICADO: Duplicado detectado en BD. UUID=1a8cee12-e8b9-4e29-a355-5ff95e5e1f44, idFactura=FACTURA-12345
2026-04-06 09:04:28 - ID DUPLICADO: Duplicado detectado en BD. UUID=471eade2-15ad-4b2d-8485-62ab2b2cc2ff, idFactura=FACTURA-12345
2026-04-06 09:04:28 - ID DUPLICADO: Duplicado detectado en BD. UUID=48053766-6c1c-4fbb-97aa-d0818618cc3d, idFactura=FACTURA-12345
2026-04-06 09:04:28 - ID DUPLICADO: Duplicado detectado en BD. UUID=9abf4552-9bad-4270-ad33-ca051de25bd9, idFactura=FACTURA-12345
2026-04-06 09:04:28 - ID DUPLICADO: Duplicado detectado en BD. UUID=4a9d5d32-41fb-473b-a33c-a6a2945da5b9, idFactura=FACTURA-12345
2026-04-06 09:04:28 - ID DUPLICADO: Duplicado detectado en BD. UUID=d2815b91-89ac-49cc-97e6-7a7b44fb0497, idFactura=FACTURA-12345
2026-04-06 09:04:28 - ID DUPLICADO: Duplicado detectado en BD. UUID=b497f3ac-d7cd-4261-85a2-9893f16cc175, idFactura=FACTURA-12345
2026-04-06 09:04:28 - ID DUPLICADO: Duplicado detectado en BD. UUID=96b7d962-be1e-43e0-ae73-089409f0dbcb, idFactura=FACTURA-12345
2026-04-06 09:04:28 - ID DUPLICADO: Duplicado detectado en BD. UUID=9b6eddfd-4833-4a21-84fa-b60fc9d7e28d, idFactura=FACTURA-12345
2026-04-06 09:04:28 - ID DUPLICADO: Duplicado detectado en BD. UUID=be3302db-31b6-4c25-955b-700bb93ac7af, idFactura=FACTURA-12345
2026-04-06 09:04:28 - ID DUPLICADO: Duplicado detectado en BD. UUID=5520e7da-0ec2-4734-9ab8-f4da4ad7217e, idFactura=FACTURA-12345
2026-04-06 09:04:28 - ID DUPLICADO: Duplicado detectado en BD. UUID=3c45121e-335f-4cbf-b973-7003bd80159e, idFactura=FACTURA-12345
2026-04-06 09:04:28 - ID DUPLICADO: Duplicado detectado en BD. UUID=85c48d2d-2c39-4564-a734-2e29738c7b6e, idFactura=FACTURA-12345
2026-04-06 09:04:28 - ID DUPLICADO: Duplicado detectado en BD. UUID=4320d1fa-9432-4498-8861-5b17e1b7d198, idFactura=FACTURA-12345
2026-04-06 09:04:28 - ID DUPLICADO: Duplicado detectado en BD. UUID=eeb7adea-4f2f-43bb-9441-9adec3ffcc9c, idFactura=FACTURA-12345
2026-04-06 09:04:28 - ID DUPLICADO: Duplicado detectado en BD. UUID=15db8ead-a92b-4a5b-9b66-9f6bc6e41793, idFactura=FACTURA-12345
2026-04-06 09:04:28 - ID DUPLICADO: Duplicado detectado en BD. UUID=7433c3b3-a891-4849-8894-55bda7377cba, idFactura=FACTURA-12345
2026-04-06 09:04:28 - ID DUPLICADO: Duplicado detectado en BD. UUID=3986a7ce-1bc8-46b7-a57e-5103ddc15236, idFactura=FACTURA-12345
2026-04-06 09:04:28 - ID DUPLICADO: Duplicado detectado en BD. UUID=ac49e87e-007c-4c8d-8428-01d5fddca57d, idFactura=FACTURA-12345
2026-04-06 09:04:28 - ID DUPLICADO: Duplicado detectado en BD. UUID=53c7ff48-644f-40db-9ea6-0ad34da19258, idFactura=FACTURA-12345
2026-04-06 09:04:28 - ID DUPLICADO: Duplicado detectado en BD. UUID=72431538-c236-4bf0-b975-7e8869d9a941, idFactura=FACTURA-12345
2026-04-06 09:04:28 - ID DUPLICADO: Duplicado detectado en BD. UUID=ac948bd0-9586-4a43-9c68-72cb40bc814e, idFactura=FACTURA-12345
2026-04-06 09:04:28 - ID DUPLICADO: Duplicado detectado en BD. UUID=1b27a778-4bb3-45d8-9ee6-a8b130cacfd8, idFactura=FACTURA-12345
2026-04-06 09:04:28 - ID DUPLICADO: Duplicado detectado en BD. UUID=c4d72b80-26db-4795-8269-0c408b44be21, idFactura=FACTURA-12345
2026-04-06 09:04:28 - ID DUPLICADO: Duplicado detectado en BD. UUID=d3415c48-3a43-462a-8551-84010384f1fa, idFactura=FACTURA-12345
2026-04-06 09:04:28 - ID DUPLICADO: Duplicado detectado en BD. UUID=899819cf-c210-4ca0-88ea-a06d5474753a, idFactura=FACTURA-12345
2026-04-06 09:04:28 - ID DUPLICADO: Duplicado detectado en BD. UUID=3b2da736-afe1-48d4-8980-a4d19bd3fe06, idFactura=FACTURA-12345
2026-04-06 09:04:28 - ID DUPLICADO: Duplicado detectado en BD. UUID=63651dfc-3d4c-42ed-bbed-6543b7f45dbb, idFactura=FACTURA-12345
2026-04-06 09:04:28 - ID DUPLICADO: Duplicado detectado en BD. UUID=55135507-c493-4ac1-8512-01f6e30d4f11, idFactura=FACTURA-12345
2026-04-06 09:04:28 - ID DUPLICADO: Duplicado detectado en BD. UUID=e6f5c244-fa8c-4ee9-98bc-f1e24eafc8d7, idFactura=FACTURA-12345
2026-04-06 09:04:28 - ID DUPLICADO: Duplicado detectado en BD. UUID=9788b834-41a6-4a08-9f1d-e31767836e32, idFactura=FACTURA-12345
2026-04-06 09:04:28 - ID DUPLICADO: Duplicado detectado en BD. UUID=169047ea-9d8a-48e3-b7a9-4aee7fc70261, idFactura=FACTURA-12345
2026-04-06 09:04:28 - ID DUPLICADO: Duplicado detectado en BD. UUID=d03052aa-660f-4d67-8f92-9b8d5fd625e4, idFactura=FACTURA-12345
2026-04-06 09:04:28 - ID DUPLICADO: Duplicado detectado en BD. UUID=bffce8b4-b07d-4af8-b5b2-4a9e5a00f118, idFactura=FACTURA-12345
2026-04-06 09:04:28 - ID DUPLICADO: Duplicado detectado en BD. UUID=2fa45eac-9fb7-402b-9722-ea55fbdf3c51, idFactura=FACTURA-12345
2026-04-06 09:04:28 - ID DUPLICADO: Duplicado detectado en BD. UUID=ea2b2e78-98af-4179-b7f5-4ad08bf74ec6, idFactura=FACTURA-12345
2026-04-06 09:04:28 - ID DUPLICADO: Duplicado detectado en BD. UUID=d8de343b-994e-4cb1-903c-46ad75402184, idFactura=FACTURA-12345
2026-04-06 09:04:28 - ID DUPLICADO: Duplicado detectado en BD. UUID=07927c4a-11bd-419d-b2b9-9450a1aff884, idFactura=FACTURA-12345
2026-04-06 09:04:28 - ID DUPLICADO: Duplicado detectado en BD. UUID=c16fadbb-cac0-437a-8c93-ac33527a24a2, idFactura=FACTURA-12345
2026-04-06 09:04:28 - ID DUPLICADO: Duplicado detectado en BD. UUID=e0b13557-89dc-4c1f-a475-96e94687d9c0, idFactura=FACTURA-12345
2026-04-06 09:04:28 - ID DUPLICADO: Duplicado detectado en BD. UUID=12f20e77-577e-4a10-8659-87184b0c3918, idFactura=FACTURA-12345
2026-04-06 09:04:28 - ID DUPLICADO: Duplicado detectado en BD. UUID=b6f1a71f-27a8-4105-846b-d07c2a6312e6, idFactura=FACTURA-12345
2026-04-06 09:04:28 - ID DUPLICADO: Duplicado detectado en BD. UUID=94b63961-0def-45c6-9037-8b235e5784e7, idFactura=FACTURA-12345
2026-04-06 09:04:28 - ID DUPLICADO: Duplicado detectado en BD. UUID=a17e5245-5048-4597-998b-0ddbe21c3014, idFactura=FACTURA-12345
2026-04-06 09:04:28 - ID DUPLICADO: Duplicado detectado en BD. UUID=f5e5d39a-6995-441d-ad15-b4825b4993a9, idFactura=FACTURA-12345
2026-04-06 09:04:28 - ID DUPLICADO: Duplicado detectado en BD. UUID=2dcb9ebd-96e5-447d-aeef-48fdc84e5299, idFactura=FACTURA-12345
2026-04-06 09:04:28 - ID DUPLICADO: Duplicado detectado en BD. UUID=17c8efc1-2ace-4624-a055-aa5f88de812e, idFactura=FACTURA-12345
2026-04-06 09:04:28 - ID DUPLICADO: Duplicado detectado en BD. UUID=7f6922dc-de1a-402d-b56c-8514267931e4, idFactura=FACTURA-12345
2026-04-06 09:04:28 - ID DUPLICADO: Duplicado detectado en BD. UUID=e660afb8-f6f3-4de7-b5d9-f06d83998023, idFactura=FACTURA-12345
2026-04-06 09:04:28 - ID DUPLICADO: Duplicado detectado en BD. UUID=4926a6a0-48ee-41d8-8cd2-5351c30206f0, idFactura=FACTURA-12345
2026-04-06 09:04:28 - ID DUPLICADO: Duplicado detectado en BD. UUID=205bf6f0-d5d3-46bd-b9d9-362307ba15f7, idFactura=FACTURA-12345
2026-04-06 09:04:28 - ID DUPLICADO: Duplicado detectado en BD. UUID=935c099a-c00e-4bdc-b885-9b370bbdcbd9, idFactura=FACTURA-12345
2026-04-06 09:04:28 - ID DUPLICADO: Duplicado detectado en BD. UUID=2d9183c1-52ca-4ce9-afa9-037cfa0bafc2, idFactura=FACTURA-12345
2026-04-06 09:11:11 - ID DUPLICADO: Duplicado detectado en BD. UUID=4114c219-9375-4b8f-b8d7-a5c3f59d34d8, idFactura=FAC-973165
2026-04-06 09:11:11 - ID DUPLICADO: Duplicado detectado en BD. UUID=4114c219-9375-4b8f-b8d7-a5c3f59d34d8, idFactura=FAC-121296
2026-04-06 09:11:11 - ID DUPLICADO: Duplicado detectado en BD. UUID=4114c219-9375-4b8f-b8d7-a5c3f59d34d8, idFactura=FAC-679763
2026-04-06 09:11:11 - ID DUPLICADO: Duplicado detectado en BD. UUID=4114c219-9375-4b8f-b8d7-a5c3f59d34d8, idFactura=FAC-516864
2026-04-06 09:11:11 - ID DUPLICADO: Duplicado detectado en BD. UUID=4114c219-9375-4b8f-b8d7-a5c3f59d34d8, idFactura=FAC-88376
2026-04-06 09:11:11 - ID DUPLICADO: Duplicado detectado en BD. UUID=4114c219-9375-4b8f-b8d7-a5c3f59d34d8, idFactura=FAC-373939
2026-04-06 09:11:11 - ID DUPLICADO: Duplicado detectado en BD. UUID=4114c219-9375-4b8f-b8d7-a5c3f59d34d8, idFactura=FAC-272057
2026-04-06 09:11:11 - ID DUPLICADO: Duplicado detectado en BD. UUID=4114c219-9375-4b8f-b8d7-a5c3f59d34d8, idFactura=FAC-693721
2026-04-06 09:11:11 - ID DUPLICADO: Duplicado detectado en BD. UUID=4114c219-9375-4b8f-b8d7-a5c3f59d34d8, idFactura=FAC-425772
2026-04-06 09:11:11 - ID DUPLICADO: Duplicado detectado en BD. UUID=4114c219-9375-4b8f-b8d7-a5c3f59d34d8, idFactura=FAC-961268
2026-04-06 09:11:11 - ID DUPLICADO: Duplicado detectado en BD. UUID=4114c219-9375-4b8f-b8d7-a5c3f59d34d8, idFactura=FAC-433262
2026-04-06 09:11:11 - ID DUPLICADO: Duplicado detectado en BD. UUID=4114c219-9375-4b8f-b8d7-a5c3f59d34d8, idFactura=FAC-933800
2026-04-06 09:11:11 - ID DUPLICADO: Duplicado detectado en BD. UUID=4114c219-9375-4b8f-b8d7-a5c3f59d34d8, idFactura=FAC-436928
2026-04-06 09:11:11 - ID DUPLICADO: Duplicado detectado en BD. UUID=4114c219-9375-4b8f-b8d7-a5c3f59d34d8, idFactura=FAC-400128
2026-04-06 09:11:11 - ID DUPLICADO: Duplicado detectado en BD. UUID=4114c219-9375-4b8f-b8d7-a5c3f59d34d8, idFactura=FAC-577448
2026-04-06 09:11:11 - ID DUPLICADO: Duplicado detectado en BD. UUID=4114c219-9375-4b8f-b8d7-a5c3f59d34d8, idFactura=FAC-111208
2026-04-06 09:11:11 - ID DUPLICADO: Duplicado detectado en BD. UUID=4114c219-9375-4b8f-b8d7-a5c3f59d34d8, idFactura=FAC-704139
2026-04-06 09:11:11 - ID DUPLICADO: Duplicado detectado en BD. UUID=4114c219-9375-4b8f-b8d7-a5c3f59d34d8, idFactura=FAC-184229
2026-04-06 09:11:11 - ID DUPLICADO: Duplicado detectado en BD. UUID=4114c219-9375-4b8f-b8d7-a5c3f59d34d8, idFactura=FAC-228673
2026-04-06 09:11:11 - ID DUPLICADO: Duplicado detectado en BD. UUID=4114c219-9375-4b8f-b8d7-a5c3f59d34d8, idFactura=FAC-278684
2026-04-06 09:11:11 - ID DUPLICADO: Duplicado detectado en BD. UUID=4114c219-9375-4b8f-b8d7-a5c3f59d34d8, idFactura=FAC-971621
2026-04-06 09:11:11 - ID DUPLICADO: Duplicado detectado en BD. UUID=4114c219-9375-4b8f-b8d7-a5c3f59d34d8, idFactura=FAC-24199
2026-04-06 09:11:11 - ID DUPLICADO: Duplicado detectado en BD. UUID=4114c219-9375-4b8f-b8d7-a5c3f59d34d8, idFactura=FAC-391679
2026-04-06 09:11:11 - ID DUPLICADO: Duplicado detectado en BD. UUID=4114c219-9375-4b8f-b8d7-a5c3f59d34d8, idFactura=FAC-826781
2026-04-06 09:11:11 - ID DUPLICADO: Duplicado detectado en BD. UUID=4114c219-9375-4b8f-b8d7-a5c3f59d34d8, idFactura=FAC-548216
2026-04-06 09:11:11 - ID DUPLICADO: Duplicado detectado en BD. UUID=4114c219-9375-4b8f-b8d7-a5c3f59d34d8, idFactura=FAC-929722
2026-04-06 09:11:11 - ID DUPLICADO: Duplicado detectado en BD. UUID=4114c219-9375-4b8f-b8d7-a5c3f59d34d8, idFactura=FAC-798976
2026-04-06 09:11:11 - ID DUPLICADO: Duplicado detectado en BD. UUID=4114c219-9375-4b8f-b8d7-a5c3f59d34d8, idFactura=FAC-590550
2026-04-06 09:11:11 - ID DUPLICADO: Duplicado detectado en BD. UUID=4114c219-9375-4b8f-b8d7-a5c3f59d34d8, idFactura=FAC-922383
2026-04-06 09:11:11 - ID DUPLICADO: Duplicado detectado en BD. UUID=4114c219-9375-4b8f-b8d7-a5c3f59d34d8, idFactura=FAC-522273
2026-04-06 09:11:11 - ID DUPLICADO: Duplicado detectado en BD. UUID=4114c219-9375-4b8f-b8d7-a5c3f59d34d8, idFactura=FAC-461064
2026-04-06 09:11:11 - ID DUPLICADO: Duplicado detectado en BD. UUID=4114c219-9375-4b8f-b8d7-a5c3f59d34d8, idFactura=FAC-812846
2026-04-06 09:11:11 - ID DUPLICADO: Duplicado detectado en BD. UUID=4114c219-9375-4b8f-b8d7-a5c3f59d34d8, idFactura=FAC-598651
2026-04-06 09:11:11 - ID DUPLICADO: Duplicado detectado en BD. UUID=4114c219-9375-4b8f-b8d7-a5c3f59d34d8, idFactura=FAC-677001
2026-04-06 09:11:11 - ID DUPLICADO: Duplicado detectado en BD. UUID=4114c219-9375-4b8f-b8d7-a5c3f59d34d8, idFactura=FAC-592562
2026-04-06 09:11:11 - ID DUPLICADO: Duplicado detectado en BD. UUID=4114c219-9375-4b8f-b8d7-a5c3f59d34d8, idFactura=FAC-527312
2026-04-06 09:11:11 - ID DUPLICADO: Duplicado detectado en BD. UUID=4114c219-9375-4b8f-b8d7-a5c3f59d34d8, idFactura=FAC-597748
2026-04-06 09:11:11 - ID DUPLICADO: Duplicado detectado en BD. UUID=4114c219-9375-4b8f-b8d7-a5c3f59d34d8, idFactura=FAC-266840
2026-04-06 09:11:11 - ID DUPLICADO: Duplicado detectado en BD. UUID=4114c219-9375-4b8f-b8d7-a5c3f59d34d8, idFactura=FAC-183113
2026-04-06 09:11:11 - ID DUPLICADO: Duplicado detectado en BD. UUID=4114c219-9375-4b8f-b8d7-a5c3f59d34d8, idFactura=FAC-261655
2026-04-06 09:11:11 - ID DUPLICADO: Duplicado detectado en BD. UUID=4114c219-9375-4b8f-b8d7-a5c3f59d34d8, idFactura=FAC-979745
2026-04-06 09:11:11 - ID DUPLICADO: Duplicado detectado en BD. UUID=4114c219-9375-4b8f-b8d7-a5c3f59d34d8, idFactura=FAC-30241
2026-04-06 09:11:11 - ID DUPLICADO: Duplicado detectado en BD. UUID=4114c219-9375-4b8f-b8d7-a5c3f59d34d8, idFactura=FAC-514306
2026-04-06 09:11:11 - ID DUPLICADO: Duplicado detectado en BD. UUID=4114c219-9375-4b8f-b8d7-a5c3f59d34d8, idFactura=FAC-704310
2026-04-06 09:11:11 - ID DUPLICADO: Duplicado detectado en BD. UUID=4114c219-9375-4b8f-b8d7-a5c3f59d34d8, idFactura=FAC-671895
2026-04-06 09:11:11 - ID DUPLICADO: Duplicado detectado en BD. UUID=4114c219-9375-4b8f-b8d7-a5c3f59d34d8, idFactura=FAC-368844
2026-04-06 09:11:11 - ID DUPLICADO: Duplicado detectado en BD. UUID=4114c219-9375-4b8f-b8d7-a5c3f59d34d8, idFactura=FAC-586410
2026-04-06 09:11:11 - ID DUPLICADO: Duplicado detectado en BD. UUID=4114c219-9375-4b8f-b8d7-a5c3f59d34d8, idFactura=FAC-587814
2026-04-06 09:11:11 - ID DUPLICADO: Duplicado detectado en BD. UUID=4114c219-9375-4b8f-b8d7-a5c3f59d34d8, idFactura=FAC-887431
2026-04-06 09:11:11 - ID DUPLICADO: Duplicado detectado en BD. UUID=4114c219-9375-4b8f-b8d7-a5c3f59d34d8, idFactura=FAC-43079
2026-04-06 09:11:11 - ID DUPLICADO: Duplicado detectado en BD. UUID=4114c219-9375-4b8f-b8d7-a5c3f59d34d8, idFactura=FAC-600183
2026-04-06 09:11:11 - ID DUPLICADO: Duplicado detectado en BD. UUID=4114c219-9375-4b8f-b8d7-a5c3f59d34d8, idFactura=FAC-105088
2026-04-06 09:11:11 - ID DUPLICADO: Duplicado detectado en BD. UUID=4114c219-9375-4b8f-b8d7-a5c3f59d34d8, idFactura=FAC-625778
2026-04-06 09:11:11 - ID DUPLICADO: Duplicado detectado en BD. UUID=4114c219-9375-4b8f-b8d7-a5c3f59d34d8, idFactura=FAC-988989
2026-04-06 09:11:11 - ID DUPLICADO: Duplicado detectado en BD. UUID=4114c219-9375-4b8f-b8d7-a5c3f59d34d8, idFactura=FAC-452784
2026-04-06 09:11:11 - ID DUPLICADO: Duplicado detectado en BD. UUID=4114c219-9375-4b8f-b8d7-a5c3f59d34d8, idFactura=FAC-911874
2026-04-06 09:11:11 - ID DUPLICADO: Duplicado detectado en BD. UUID=4114c219-9375-4b8f-b8d7-a5c3f59d34d8, idFactura=FAC-588016
2026-04-06 09:11:11 - ID DUPLICADO: Duplicado detectado en BD. UUID=4114c219-9375-4b8f-b8d7-a5c3f59d34d8, idFactura=FAC-228174
2026-04-06 09:11:11 - ID DUPLICADO: Duplicado detectado en BD. UUID=4114c219-9375-4b8f-b8d7-a5c3f59d34d8, idFactura=FAC-109372
2026-04-06 09:11:11 - ID DUPLICADO: Duplicado detectado en BD. UUID=4114c219-9375-4b8f-b8d7-a5c3f59d34d8, idFactura=FAC-746845
2026-04-06 09:11:11 - ID DUPLICADO: Duplicado detectado en BD. UUID=4114c219-9375-4b8f-b8d7-a5c3f59d34d8, idFactura=FAC-373895
2026-04-06 09:11:11 - ID DUPLICADO: Duplicado detectado en BD. UUID=4114c219-9375-4b8f-b8d7-a5c3f59d34d8, idFactura=FAC-917041
2026-04-06 09:11:11 - ID DUPLICADO: Duplicado detectado en BD. UUID=4114c219-9375-4b8f-b8d7-a5c3f59d34d8, idFactura=FAC-220657
2026-04-06 09:11:11 - ID DUPLICADO: Duplicado detectado en BD. UUID=4114c219-9375-4b8f-b8d7-a5c3f59d34d8, idFactura=FAC-749609
2026-04-06 09:11:11 - ID DUPLICADO: Duplicado detectado en BD. UUID=4114c219-9375-4b8f-b8d7-a5c3f59d34d8, idFactura=FAC-61256
2026-04-06 09:11:11 - ID DUPLICADO: Duplicado detectado en BD. UUID=4114c219-9375-4b8f-b8d7-a5c3f59d34d8, idFactura=FAC-341843
2026-04-06 09:11:11 - ID DUPLICADO: Duplicado detectado en BD. UUID=4114c219-9375-4b8f-b8d7-a5c3f59d34d8, idFactura=FAC-147987
2026-04-06 09:11:11 - ID DUPLICADO: Duplicado detectado en BD. UUID=4114c219-9375-4b8f-b8d7-a5c3f59d34d8, idFactura=FAC-453692
2026-04-06 09:11:11 - ID DUPLICADO: Duplicado detectado en BD. UUID=4114c219-9375-4b8f-b8d7-a5c3f59d34d8, idFactura=FAC-598112
2026-04-06 09:11:11 - ID DUPLICADO: Duplicado detectado en BD. UUID=4114c219-9375-4b8f-b8d7-a5c3f59d34d8, idFactura=FAC-510080
2026-04-06 09:11:11 - ID DUPLICADO: Duplicado detectado en BD. UUID=4114c219-9375-4b8f-b8d7-a5c3f59d34d8, idFactura=FAC-258576
2026-04-06 09:11:11 - ID DUPLICADO: Duplicado detectado en BD. UUID=4114c219-9375-4b8f-b8d7-a5c3f59d34d8, idFactura=FAC-437003
2026-04-06 09:11:11 - ID DUPLICADO: Duplicado detectado en BD. UUID=4114c219-9375-4b8f-b8d7-a5c3f59d34d8, idFactura=FAC-754397
2026-04-06 09:11:11 - ID DUPLICADO: Duplicado detectado en BD. UUID=4114c219-9375-4b8f-b8d7-a5c3f59d34d8, idFactura=FAC-430550
2026-04-06 09:11:11 - ID DUPLICADO: Duplicado detectado en BD. UUID=4114c219-9375-4b8f-b8d7-a5c3f59d34d8, idFactura=FAC-402226
2026-04-06 09:11:11 - ID DUPLICADO: Duplicado detectado en BD. UUID=4114c219-9375-4b8f-b8d7-a5c3f59d34d8, idFactura=FAC-52804
2026-04-06 09:11:11 - ID DUPLICADO: Duplicado detectado en BD. UUID=4114c219-9375-4b8f-b8d7-a5c3f59d34d8, idFactura=FAC-277181
2026-04-06 09:11:11 - ID DUPLICADO: Duplicado detectado en BD. UUID=4114c219-9375-4b8f-b8d7-a5c3f59d34d8, idFactura=FAC-406881
2026-04-06 09:11:11 - ID DUPLICADO: Duplicado detectado en BD. UUID=4114c219-9375-4b8f-b8d7-a5c3f59d34d8, idFactura=FAC-811273
2026-04-06 09:11:11 - ID DUPLICADO: Duplicado detectado en BD. UUID=4114c219-9375-4b8f-b8d7-a5c3f59d34d8, idFactura=FAC-824980
2026-04-06 09:11:11 - ID DUPLICADO: Duplicado detectado en BD. UUID=4114c219-9375-4b8f-b8d7-a5c3f59d34d8, idFactura=FAC-221384
2026-04-06 09:11:11 - ID DUPLICADO: Duplicado detectado en BD. UUID=4114c219-9375-4b8f-b8d7-a5c3f59d34d8, idFactura=FAC-191681
2026-04-06 09:11:11 - ID DUPLICADO: Duplicado detectado en BD. UUID=4114c219-9375-4b8f-b8d7-a5c3f59d34d8, idFactura=FAC-606133
2026-04-06 09:11:11 - ID DUPLICADO: Duplicado detectado en BD. UUID=4114c219-9375-4b8f-b8d7-a5c3f59d34d8, idFactura=FAC-56301
2026-04-06 09:11:11 - ID DUPLICADO: Duplicado detectado en BD. UUID=4114c219-9375-4b8f-b8d7-a5c3f59d34d8, idFactura=FAC-649567
2026-04-06 09:11:11 - ID DUPLICADO: Duplicado detectado en BD. UUID=4114c219-9375-4b8f-b8d7-a5c3f59d34d8, idFactura=FAC-496298
2026-04-06 09:11:11 - ID DUPLICADO: Duplicado detectado en BD. UUID=4114c219-9375-4b8f-b8d7-a5c3f59d34d8, idFactura=FAC-727857
2026-04-06 09:11:11 - ID DUPLICADO: Duplicado detectado en BD. UUID=4114c219-9375-4b8f-b8d7-a5c3f59d34d8, idFactura=FAC-109614
2026-04-06 09:11:11 - ID DUPLICADO: Duplicado detectado en BD. UUID=4114c219-9375-4b8f-b8d7-a5c3f59d34d8, idFactura=FAC-694105
2026-04-06 09:11:11 - ID DUPLICADO: Duplicado detectado en BD. UUID=4114c219-9375-4b8f-b8d7-a5c3f59d34d8, idFactura=FAC-351185
2026-04-06 09:11:11 - ID DUPLICADO: Duplicado detectado en BD. UUID=4114c219-9375-4b8f-b8d7-a5c3f59d34d8, idFactura=FAC-828657
2026-04-06 09:11:11 - ID DUPLICADO: Duplicado detectado en BD. UUID=4114c219-9375-4b8f-b8d7-a5c3f59d34d8, idFactura=FAC-87887
2026-04-06 09:11:11 - ID DUPLICADO: Duplicado detectado en BD. UUID=4114c219-9375-4b8f-b8d7-a5c3f59d34d8, idFactura=FAC-618739
2026-04-06 09:11:11 - ID DUPLICADO: Duplicado detectado en BD. UUID=4114c219-9375-4b8f-b8d7-a5c3f59d34d8, idFactura=FAC-403986
2026-04-06 09:11:11 - ID DUPLICADO: Duplicado detectado en BD. UUID=4114c219-9375-4b8f-b8d7-a5c3f59d34d8, idFactura=FAC-20327
2026-04-06 09:11:11 - ID DUPLICADO: Duplicado detectado en BD. UUID=4114c219-9375-4b8f-b8d7-a5c3f59d34d8, idFactura=FAC-269707
2026-04-06 09:11:11 - ID DUPLICADO: Duplicado detectado en BD. UUID=4114c219-9375-4b8f-b8d7-a5c3f59d34d8, idFactura=FAC-80756
2026-04-06 09:11:11 - ID DUPLICADO: Duplicado detectado en BD. UUID=4114c219-9375-4b8f-b8d7-a5c3f59d34d8, idFactura=FAC-920941
2026-04-06 09:20:15 - ID DUPLICADO: Duplicado detectado en BD. UUID=4114c219-9375-4b8f-b8d7-a5c3f59d34d8, idFactura=FAC-884062
2026-04-06 09:20:15 - ID DUPLICADO: Duplicado detectado en BD. UUID=4114c219-9375-4b8f-b8d7-a5c3f59d34d8, idFactura=FAC-790794
2026-04-06 09:20:15 - ID DUPLICADO: Duplicado detectado en BD. UUID=4114c219-9375-4b8f-b8d7-a5c3f59d34d8, idFactura=FAC-329246
2026-04-06 09:20:15 - ID DUPLICADO: Duplicado detectado en BD. UUID=4114c219-9375-4b8f-b8d7-a5c3f59d34d8, idFactura=FAC-153037
2026-04-06 09:20:15 - ID DUPLICADO: Duplicado detectado en BD. UUID=4114c219-9375-4b8f-b8d7-a5c3f59d34d8, idFactura=FAC-697208
2026-04-06 09:20:15 - ID DUPLICADO: Duplicado detectado en BD. UUID=4114c219-9375-4b8f-b8d7-a5c3f59d34d8, idFactura=FAC-700850
2026-04-06 09:20:15 - ID DUPLICADO: Duplicado detectado en BD. UUID=4114c219-9375-4b8f-b8d7-a5c3f59d34d8, idFactura=FAC-512494
2026-04-06 09:20:15 - ID DUPLICADO: Duplicado detectado en BD. UUID=4114c219-9375-4b8f-b8d7-a5c3f59d34d8, idFactura=FAC-358800
2026-04-06 09:20:15 - ID DUPLICADO: Duplicado detectado en BD. UUID=4114c219-9375-4b8f-b8d7-a5c3f59d34d8, idFactura=FAC-415227
2026-04-06 09:20:15 - ID DUPLICADO: Duplicado detectado en BD. UUID=4114c219-9375-4b8f-b8d7-a5c3f59d34d8, idFactura=FAC-202493
2026-04-06 09:20:15 - ID DUPLICADO: Duplicado detectado en BD. UUID=4114c219-9375-4b8f-b8d7-a5c3f59d34d8, idFactura=FAC-65895
2026-04-06 09:20:15 - ID DUPLICADO: Duplicado detectado en BD. UUID=4114c219-9375-4b8f-b8d7-a5c3f59d34d8, idFactura=FAC-487068
2026-04-06 09:20:15 - ID DUPLICADO: Duplicado detectado en BD. UUID=4114c219-9375-4b8f-b8d7-a5c3f59d34d8, idFactura=FAC-838949
2026-04-06 09:20:15 - ID DUPLICADO: Duplicado detectado en BD. UUID=4114c219-9375-4b8f-b8d7-a5c3f59d34d8, idFactura=FAC-24654
2026-04-06 09:20:15 - ID DUPLICADO: Duplicado detectado en BD. UUID=4114c219-9375-4b8f-b8d7-a5c3f59d34d8, idFactura=FAC-488003
2026-04-06 09:20:15 - ID DUPLICADO: Duplicado detectado en BD. UUID=4114c219-9375-4b8f-b8d7-a5c3f59d34d8, idFactura=FAC-756497
2026-04-06 09:20:15 - ID DUPLICADO: Duplicado detectado en BD. UUID=4114c219-9375-4b8f-b8d7-a5c3f59d34d8, idFactura=FAC-940696
2026-04-06 09:20:15 - ID DUPLICADO: Duplicado detectado en BD. UUID=4114c219-9375-4b8f-b8d7-a5c3f59d34d8, idFactura=FAC-509112
2026-04-06 09:20:15 - ID DUPLICADO: Duplicado detectado en BD. UUID=4114c219-9375-4b8f-b8d7-a5c3f59d34d8, idFactura=FAC-861117
2026-04-06 09:20:15 - ID DUPLICADO: Duplicado detectado en BD. UUID=4114c219-9375-4b8f-b8d7-a5c3f59d34d8, idFactura=FAC-409200
2026-04-06 09:20:15 - ID DUPLICADO: Duplicado detectado en BD. UUID=4114c219-9375-4b8f-b8d7-a5c3f59d34d8, idFactura=FAC-21636
2026-04-06 09:20:15 - ID DUPLICADO: Duplicado detectado en BD. UUID=4114c219-9375-4b8f-b8d7-a5c3f59d34d8, idFactura=FAC-817977
2026-04-06 09:20:15 - ID DUPLICADO: Duplicado detectado en BD. UUID=4114c219-9375-4b8f-b8d7-a5c3f59d34d8, idFactura=FAC-601377
2026-04-06 09:20:15 - ID DUPLICADO: Duplicado detectado en BD. UUID=4114c219-9375-4b8f-b8d7-a5c3f59d34d8, idFactura=FAC-794908
2026-04-06 09:20:15 - ID DUPLICADO: Duplicado detectado en BD. UUID=4114c219-9375-4b8f-b8d7-a5c3f59d34d8, idFactura=FAC-227865
2026-04-06 09:20:15 - ID DUPLICADO: Duplicado detectado en BD. UUID=4114c219-9375-4b8f-b8d7-a5c3f59d34d8, idFactura=FAC-752670
2026-04-06 09:20:15 - ID DUPLICADO: Duplicado detectado en BD. UUID=4114c219-9375-4b8f-b8d7-a5c3f59d34d8, idFactura=FAC-520970
2026-04-06 09:20:15 - ID DUPLICADO: Duplicado detectado en BD. UUID=4114c219-9375-4b8f-b8d7-a5c3f59d34d8, idFactura=FAC-728282
2026-04-06 09:20:15 - ID DUPLICADO: Duplicado detectado en BD. UUID=4114c219-9375-4b8f-b8d7-a5c3f59d34d8, idFactura=FAC-547706
2026-04-06 09:20:15 - ID DUPLICADO: Duplicado detectado en BD. UUID=4114c219-9375-4b8f-b8d7-a5c3f59d34d8, idFactura=FAC-443695
2026-04-06 09:20:15 - ID DUPLICADO: Duplicado detectado en BD. UUID=4114c219-9375-4b8f-b8d7-a5c3f59d34d8, idFactura=FAC-648296
2026-04-06 09:20:15 - ID DUPLICADO: Duplicado detectado en BD. UUID=4114c219-9375-4b8f-b8d7-a5c3f59d34d8, idFactura=FAC-805564
2026-04-06 09:20:15 - ID DUPLICADO: Duplicado detectado en BD. UUID=4114c219-9375-4b8f-b8d7-a5c3f59d34d8, idFactura=FAC-844261
2026-04-06 09:20:15 - ID DUPLICADO: Duplicado detectado en BD. UUID=4114c219-9375-4b8f-b8d7-a5c3f59d34d8, idFactura=FAC-449998
2026-04-06 09:20:15 - ID DUPLICADO: Duplicado detectado en BD. UUID=4114c219-9375-4b8f-b8d7-a5c3f59d34d8, idFactura=FAC-570137
2026-04-06 09:20:15 - ID DUPLICADO: Duplicado detectado en BD. UUID=4114c219-9375-4b8f-b8d7-a5c3f59d34d8, idFactura=FAC-996459
2026-04-06 09:20:15 - ID DUPLICADO: Duplicado detectado en BD. UUID=4114c219-9375-4b8f-b8d7-a5c3f59d34d8, idFactura=FAC-690109
2026-04-06 09:20:15 - ID DUPLICADO: Duplicado detectado en BD. UUID=4114c219-9375-4b8f-b8d7-a5c3f59d34d8, idFactura=FAC-741832
2026-04-06 09:20:15 - ID DUPLICADO: Duplicado detectado en BD. UUID=4114c219-9375-4b8f-b8d7-a5c3f59d34d8, idFactura=FAC-551792
2026-04-06 09:20:15 - ID DUPLICADO: Duplicado detectado en BD. UUID=4114c219-9375-4b8f-b8d7-a5c3f59d34d8, idFactura=FAC-786027
2026-04-06 09:20:15 - ID DUPLICADO: Duplicado detectado en BD. UUID=4114c219-9375-4b8f-b8d7-a5c3f59d34d8, idFactura=FAC-582431
2026-04-06 09:20:15 - ID DUPLICADO: Duplicado detectado en BD. UUID=4114c219-9375-4b8f-b8d7-a5c3f59d34d8, idFactura=FAC-725705
2026-04-06 09:20:15 - ID DUPLICADO: Duplicado detectado en BD. UUID=4114c219-9375-4b8f-b8d7-a5c3f59d34d8, idFactura=FAC-772808
2026-04-06 09:20:15 - ID DUPLICADO: Duplicado detectado en BD. UUID=4114c219-9375-4b8f-b8d7-a5c3f59d34d8, idFactura=FAC-13742
2026-04-06 09:20:15 - ID DUPLICADO: Duplicado detectado en BD. UUID=4114c219-9375-4b8f-b8d7-a5c3f59d34d8, idFactura=FAC-693012
2026-04-06 09:20:15 - ID DUPLICADO: Duplicado detectado en BD. UUID=4114c219-9375-4b8f-b8d7-a5c3f59d34d8, idFactura=FAC-175672
2026-04-06 09:20:15 - ID DUPLICADO: Duplicado detectado en BD. UUID=4114c219-9375-4b8f-b8d7-a5c3f59d34d8, idFactura=FAC-804427
2026-04-06 09:20:15 - ID DUPLICADO: Duplicado detectado en BD. UUID=4114c219-9375-4b8f-b8d7-a5c3f59d34d8, idFactura=FAC-161456
2026-04-06 09:20:15 - ID DUPLICADO: Duplicado detectado en BD. UUID=4114c219-9375-4b8f-b8d7-a5c3f59d34d8, idFactura=FAC-10394
2026-04-06 09:20:15 - ID DUPLICADO: Duplicado detectado en BD. UUID=4114c219-9375-4b8f-b8d7-a5c3f59d34d8, idFactura=FAC-131615
2026-04-06 09:20:15 - ID DUPLICADO: Duplicado detectado en BD. UUID=4114c219-9375-4b8f-b8d7-a5c3f59d34d8, idFactura=FAC-764141
2026-04-06 09:20:15 - ID DUPLICADO: Duplicado detectado en BD. UUID=4114c219-9375-4b8f-b8d7-a5c3f59d34d8, idFactura=FAC-796801
2026-04-06 09:20:15 - ID DUPLICADO: Duplicado detectado en BD. UUID=4114c219-9375-4b8f-b8d7-a5c3f59d34d8, idFactura=FAC-652842
2026-04-06 09:20:15 - ID DUPLICADO: Duplicado detectado en BD. UUID=4114c219-9375-4b8f-b8d7-a5c3f59d34d8, idFactura=FAC-989820
2026-04-06 09:20:15 - ID DUPLICADO: Duplicado detectado en BD. UUID=4114c219-9375-4b8f-b8d7-a5c3f59d34d8, idFactura=FAC-942558
2026-04-06 09:20:15 - ID DUPLICADO: Duplicado detectado en BD. UUID=4114c219-9375-4b8f-b8d7-a5c3f59d34d8, idFactura=FAC-61498
2026-04-06 09:20:15 - ID DUPLICADO: Duplicado detectado en BD. UUID=4114c219-9375-4b8f-b8d7-a5c3f59d34d8, idFactura=FAC-354068
2026-04-06 09:20:15 - ID DUPLICADO: Duplicado detectado en BD. UUID=4114c219-9375-4b8f-b8d7-a5c3f59d34d8, idFactura=FAC-139209
2026-04-06 09:20:15 - ID DUPLICADO: Duplicado detectado en BD. UUID=4114c219-9375-4b8f-b8d7-a5c3f59d34d8, idFactura=FAC-598884
2026-04-06 09:20:15 - ID DUPLICADO: Duplicado detectado en BD. UUID=4114c219-9375-4b8f-b8d7-a5c3f59d34d8, idFactura=FAC-882294
2026-04-06 09:20:15 - ID DUPLICADO: Duplicado detectado en BD. UUID=4114c219-9375-4b8f-b8d7-a5c3f59d34d8, idFactura=FAC-960755
2026-04-06 09:20:15 - ID DUPLICADO: Duplicado detectado en BD. UUID=4114c219-9375-4b8f-b8d7-a5c3f59d34d8, idFactura=FAC-307004
2026-04-06 09:20:15 - ID DUPLICADO: Duplicado detectado en BD. UUID=4114c219-9375-4b8f-b8d7-a5c3f59d34d8, idFactura=FAC-844450
2026-04-06 09:20:15 - ID DUPLICADO: Duplicado detectado en BD. UUID=4114c219-9375-4b8f-b8d7-a5c3f59d34d8, idFactura=FAC-586607
2026-04-06 09:20:15 - ID DUPLICADO: Duplicado detectado en BD. UUID=4114c219-9375-4b8f-b8d7-a5c3f59d34d8, idFactura=FAC-410924
2026-04-06 09:20:15 - ID DUPLICADO: Duplicado detectado en BD. UUID=4114c219-9375-4b8f-b8d7-a5c3f59d34d8, idFactura=FAC-146185
2026-04-06 09:20:15 - ID DUPLICADO: Duplicado detectado en BD. UUID=4114c219-9375-4b8f-b8d7-a5c3f59d34d8, idFactura=FAC-592696
2026-04-06 09:20:15 - ID DUPLICADO: Duplicado detectado en BD. UUID=4114c219-9375-4b8f-b8d7-a5c3f59d34d8, idFactura=FAC-589369
2026-04-06 09:20:15 - ID DUPLICADO: Duplicado detectado en BD. UUID=4114c219-9375-4b8f-b8d7-a5c3f59d34d8, idFactura=FAC-51879
2026-04-06 09:20:15 - ID DUPLICADO: Duplicado detectado en BD. UUID=4114c219-9375-4b8f-b8d7-a5c3f59d34d8, idFactura=FAC-126191
2026-04-06 09:20:15 - ID DUPLICADO: Duplicado detectado en BD. UUID=4114c219-9375-4b8f-b8d7-a5c3f59d34d8, idFactura=FAC-103268
2026-04-06 09:20:15 - ID DUPLICADO: Duplicado detectado en BD. UUID=4114c219-9375-4b8f-b8d7-a5c3f59d34d8, idFactura=FAC-219653
2026-04-06 09:20:15 - ID DUPLICADO: Duplicado detectado en BD. UUID=4114c219-9375-4b8f-b8d7-a5c3f59d34d8, idFactura=FAC-510098
2026-04-06 09:20:15 - ID DUPLICADO: Duplicado detectado en BD. UUID=4114c219-9375-4b8f-b8d7-a5c3f59d34d8, idFactura=FAC-750018
2026-04-06 09:20:15 - ID DUPLICADO: Duplicado detectado en BD. UUID=4114c219-9375-4b8f-b8d7-a5c3f59d34d8, idFactura=FAC-735349
2026-04-06 09:20:15 - ID DUPLICADO: Duplicado detectado en BD. UUID=4114c219-9375-4b8f-b8d7-a5c3f59d34d8, idFactura=FAC-795770
2026-04-06 09:20:15 - ID DUPLICADO: Duplicado detectado en BD. UUID=4114c219-9375-4b8f-b8d7-a5c3f59d34d8, idFactura=FAC-973529
2026-04-06 09:20:15 - ID DUPLICADO: Duplicado detectado en BD. UUID=4114c219-9375-4b8f-b8d7-a5c3f59d34d8, idFactura=FAC-714801
2026-04-06 09:20:15 - ID DUPLICADO: Duplicado detectado en BD. UUID=4114c219-9375-4b8f-b8d7-a5c3f59d34d8, idFactura=FAC-980640
2026-04-06 09:20:15 - ID DUPLICADO: Duplicado detectado en BD. UUID=4114c219-9375-4b8f-b8d7-a5c3f59d34d8, idFactura=FAC-769202
2026-04-06 09:20:15 - ID DUPLICADO: Duplicado detectado en BD. UUID=4114c219-9375-4b8f-b8d7-a5c3f59d34d8, idFactura=FAC-321629
2026-04-06 09:20:15 - ID DUPLICADO: Duplicado detectado en BD. UUID=4114c219-9375-4b8f-b8d7-a5c3f59d34d8, idFactura=FAC-956175
2026-04-06 09:20:15 - ID DUPLICADO: Duplicado detectado en BD. UUID=4114c219-9375-4b8f-b8d7-a5c3f59d34d8, idFactura=FAC-509148
2026-04-06 09:20:15 - ID DUPLICADO: Duplicado detectado en BD. UUID=4114c219-9375-4b8f-b8d7-a5c3f59d34d8, idFactura=FAC-571916
2026-04-06 09:20:15 - ID DUPLICADO: Duplicado detectado en BD. UUID=4114c219-9375-4b8f-b8d7-a5c3f59d34d8, idFactura=FAC-748638
2026-04-06 09:20:15 - ID DUPLICADO: Duplicado detectado en BD. UUID=4114c219-9375-4b8f-b8d7-a5c3f59d34d8, idFactura=FAC-846696
2026-04-06 09:20:15 - ID DUPLICADO: Duplicado detectado en BD. UUID=4114c219-9375-4b8f-b8d7-a5c3f59d34d8, idFactura=FAC-736434
2026-04-06 09:20:15 - ID DUPLICADO: Duplicado detectado en BD. UUID=4114c219-9375-4b8f-b8d7-a5c3f59d34d8, idFactura=FAC-893669
2026-04-06 09:20:15 - ID DUPLICADO: Duplicado detectado en BD. UUID=4114c219-9375-4b8f-b8d7-a5c3f59d34d8, idFactura=FAC-146488
2026-04-06 09:20:15 - ID DUPLICADO: Duplicado detectado en BD. UUID=4114c219-9375-4b8f-b8d7-a5c3f59d34d8, idFactura=FAC-221357
2026-04-06 09:20:15 - ID DUPLICADO: Duplicado detectado en BD. UUID=4114c219-9375-4b8f-b8d7-a5c3f59d34d8, idFactura=FAC-182178
2026-04-06 09:20:15 - ID DUPLICADO: Duplicado detectado en BD. UUID=4114c219-9375-4b8f-b8d7-a5c3f59d34d8, idFactura=FAC-674182
2026-04-06 09:20:15 - ID DUPLICADO: Duplicado detectado en BD. UUID=4114c219-9375-4b8f-b8d7-a5c3f59d34d8, idFactura=FAC-176502
2026-04-06 09:20:15 - ID DUPLICADO: Duplicado detectado en BD. UUID=4114c219-9375-4b8f-b8d7-a5c3f59d34d8, idFactura=FAC-21842
2026-04-06 09:20:15 - ID DUPLICADO: Duplicado detectado en BD. UUID=4114c219-9375-4b8f-b8d7-a5c3f59d34d8, idFactura=FAC-411289
2026-04-06 09:20:15 - ID DUPLICADO: Duplicado detectado en BD. UUID=4114c219-9375-4b8f-b8d7-a5c3f59d34d8, idFactura=FAC-421900
2026-04-06 09:20:15 - ID DUPLICADO: Duplicado detectado en BD. UUID=4114c219-9375-4b8f-b8d7-a5c3f59d34d8, idFactura=FAC-491665
2026-04-06 09:20:15 - ID DUPLICADO: Duplicado detectado en BD. UUID=4114c219-9375-4b8f-b8d7-a5c3f59d34d8, idFactura=FAC-547849
2026-04-06 09:20:15 - ID DUPLICADO: Duplicado detectado en BD. UUID=4114c219-9375-4b8f-b8d7-a5c3f59d34d8, idFactura=FAC-818196
2026-04-06 09:22:10 - ID DUPLICADO: Duplicado detectado en BD. UUID=4114c219-9375-4b8f-b8d7-a5c3f59d34d8, idFactura=FAC-225000
2026-04-06 09:22:10 - ID DUPLICADO: Duplicado detectado en BD. UUID=4114c219-9375-4b8f-b8d7-a5c3f59d34d8, idFactura=FAC-713510
2026-04-06 09:22:10 - ID DUPLICADO: Duplicado detectado en BD. UUID=4114c219-9375-4b8f-b8d7-a5c3f59d34d8, idFactura=FAC-77452
2026-04-06 09:22:10 - ID DUPLICADO: Duplicado detectado en BD. UUID=4114c219-9375-4b8f-b8d7-a5c3f59d34d8, idFactura=FAC-953928
2026-04-06 09:22:10 - ID DUPLICADO: Duplicado detectado en BD. UUID=4114c219-9375-4b8f-b8d7-a5c3f59d34d8, idFactura=FAC-172588
2026-04-06 09:22:10 - ID DUPLICADO: Duplicado detectado en BD. UUID=4114c219-9375-4b8f-b8d7-a5c3f59d34d8, idFactura=FAC-901680
2026-04-06 09:22:10 - ID DUPLICADO: Duplicado detectado en BD. UUID=4114c219-9375-4b8f-b8d7-a5c3f59d34d8, idFactura=FAC-375708
2026-04-06 09:22:10 - ID DUPLICADO: Duplicado detectado en BD. UUID=4114c219-9375-4b8f-b8d7-a5c3f59d34d8, idFactura=FAC-474100
2026-04-06 09:22:10 - ID DUPLICADO: Duplicado detectado en BD. UUID=4114c219-9375-4b8f-b8d7-a5c3f59d34d8, idFactura=FAC-648151
2026-04-06 09:22:10 - ID DUPLICADO: Duplicado detectado en BD. UUID=4114c219-9375-4b8f-b8d7-a5c3f59d34d8, idFactura=FAC-730925
2026-04-06 09:22:10 - ID DUPLICADO: Duplicado detectado en BD. UUID=4114c219-9375-4b8f-b8d7-a5c3f59d34d8, idFactura=FAC-166592
2026-04-06 09:22:10 - ID DUPLICADO: Duplicado detectado en BD. UUID=4114c219-9375-4b8f-b8d7-a5c3f59d34d8, idFactura=FAC-492582
2026-04-06 09:22:10 - ID DUPLICADO: Duplicado detectado en BD. UUID=4114c219-9375-4b8f-b8d7-a5c3f59d34d8, idFactura=FAC-669023
2026-04-06 09:22:10 - ID DUPLICADO: Duplicado detectado en BD. UUID=4114c219-9375-4b8f-b8d7-a5c3f59d34d8, idFactura=FAC-501734
2026-04-06 09:22:10 - ID DUPLICADO: Duplicado detectado en BD. UUID=4114c219-9375-4b8f-b8d7-a5c3f59d34d8, idFactura=FAC-214914
2026-04-06 09:22:10 - ID DUPLICADO: Duplicado detectado en BD. UUID=4114c219-9375-4b8f-b8d7-a5c3f59d34d8, idFactura=FAC-783511
2026-04-06 09:22:10 - ID DUPLICADO: Duplicado detectado en BD. UUID=4114c219-9375-4b8f-b8d7-a5c3f59d34d8, idFactura=FAC-620759
2026-04-06 09:22:10 - ID DUPLICADO: Duplicado detectado en BD. UUID=4114c219-9375-4b8f-b8d7-a5c3f59d34d8, idFactura=FAC-354812
2026-04-06 09:22:10 - ID DUPLICADO: Duplicado detectado en BD. UUID=4114c219-9375-4b8f-b8d7-a5c3f59d34d8, idFactura=FAC-558709
2026-04-06 09:22:10 - ID DUPLICADO: Duplicado detectado en BD. UUID=4114c219-9375-4b8f-b8d7-a5c3f59d34d8, idFactura=FAC-208073
2026-04-06 09:22:10 - ID DUPLICADO: Duplicado detectado en BD. UUID=4114c219-9375-4b8f-b8d7-a5c3f59d34d8, idFactura=FAC-979333
2026-04-06 09:22:10 - ID DUPLICADO: Duplicado detectado en BD. UUID=4114c219-9375-4b8f-b8d7-a5c3f59d34d8, idFactura=FAC-121564
2026-04-06 09:22:10 - ID DUPLICADO: Duplicado detectado en BD. UUID=4114c219-9375-4b8f-b8d7-a5c3f59d34d8, idFactura=FAC-938907
2026-04-06 09:22:10 - ID DUPLICADO: Duplicado detectado en BD. UUID=4114c219-9375-4b8f-b8d7-a5c3f59d34d8, idFactura=FAC-313562
2026-04-06 09:22:10 - ID DUPLICADO: Duplicado detectado en BD. UUID=4114c219-9375-4b8f-b8d7-a5c3f59d34d8, idFactura=FAC-614832
2026-04-06 09:22:10 - ID DUPLICADO: Duplicado detectado en BD. UUID=4114c219-9375-4b8f-b8d7-a5c3f59d34d8, idFactura=FAC-671538
2026-04-06 09:22:10 - ID DUPLICADO: Duplicado detectado en BD. UUID=4114c219-9375-4b8f-b8d7-a5c3f59d34d8, idFactura=FAC-427141
2026-04-06 09:22:10 - ID DUPLICADO: Duplicado detectado en BD. UUID=4114c219-9375-4b8f-b8d7-a5c3f59d34d8, idFactura=FAC-25726
2026-04-06 09:22:10 - ID DUPLICADO: Duplicado detectado en BD. UUID=4114c219-9375-4b8f-b8d7-a5c3f59d34d8, idFactura=FAC-396072
2026-04-06 09:22:10 - ID DUPLICADO: Duplicado detectado en BD. UUID=4114c219-9375-4b8f-b8d7-a5c3f59d34d8, idFactura=FAC-980762
2026-04-06 09:22:10 - ID DUPLICADO: Duplicado detectado en BD. UUID=4114c219-9375-4b8f-b8d7-a5c3f59d34d8, idFactura=FAC-817040
2026-04-06 09:22:10 - ID DUPLICADO: Duplicado detectado en BD. UUID=4114c219-9375-4b8f-b8d7-a5c3f59d34d8, idFactura=FAC-161962
2026-04-06 09:22:10 - ID DUPLICADO: Duplicado detectado en BD. UUID=4114c219-9375-4b8f-b8d7-a5c3f59d34d8, idFactura=FAC-535083
2026-04-06 09:22:10 - ID DUPLICADO: Duplicado detectado en BD. UUID=4114c219-9375-4b8f-b8d7-a5c3f59d34d8, idFactura=FAC-68869
2026-04-06 09:22:10 - ID DUPLICADO: Duplicado detectado en BD. UUID=4114c219-9375-4b8f-b8d7-a5c3f59d34d8, idFactura=FAC-60515
2026-04-06 09:22:10 - ID DUPLICADO: Duplicado detectado en BD. UUID=4114c219-9375-4b8f-b8d7-a5c3f59d34d8, idFactura=FAC-376884
2026-04-06 09:22:10 - ID DUPLICADO: Duplicado detectado en BD. UUID=4114c219-9375-4b8f-b8d7-a5c3f59d34d8, idFactura=FAC-390864
2026-04-06 09:22:10 - ID DUPLICADO: Duplicado detectado en BD. UUID=4114c219-9375-4b8f-b8d7-a5c3f59d34d8, idFactura=FAC-70098
2026-04-06 09:22:10 - ID DUPLICADO: Duplicado detectado en BD. UUID=4114c219-9375-4b8f-b8d7-a5c3f59d34d8, idFactura=FAC-117282
2026-04-06 09:22:10 - ID DUPLICADO: Duplicado detectado en BD. UUID=4114c219-9375-4b8f-b8d7-a5c3f59d34d8, idFactura=FAC-692779
2026-04-06 09:22:10 - ID DUPLICADO: Duplicado detectado en BD. UUID=4114c219-9375-4b8f-b8d7-a5c3f59d34d8, idFactura=FAC-548759
2026-04-06 09:22:10 - ID DUPLICADO: Duplicado detectado en BD. UUID=4114c219-9375-4b8f-b8d7-a5c3f59d34d8, idFactura=FAC-946961
2026-04-06 09:22:10 - ID DUPLICADO: Duplicado detectado en BD. UUID=4114c219-9375-4b8f-b8d7-a5c3f59d34d8, idFactura=FAC-809949
2026-04-06 09:22:10 - ID DUPLICADO: Duplicado detectado en BD. UUID=4114c219-9375-4b8f-b8d7-a5c3f59d34d8, idFactura=FAC-21416
2026-04-06 09:22:10 - ID DUPLICADO: Duplicado detectado en BD. UUID=4114c219-9375-4b8f-b8d7-a5c3f59d34d8, idFactura=FAC-660577
2026-04-06 09:22:10 - ID DUPLICADO: Duplicado detectado en BD. UUID=4114c219-9375-4b8f-b8d7-a5c3f59d34d8, idFactura=FAC-804964
2026-04-06 09:22:10 - ID DUPLICADO: Duplicado detectado en BD. UUID=4114c219-9375-4b8f-b8d7-a5c3f59d34d8, idFactura=FAC-902928
2026-04-06 09:22:10 - ID DUPLICADO: Duplicado detectado en BD. UUID=4114c219-9375-4b8f-b8d7-a5c3f59d34d8, idFactura=FAC-189895
2026-04-06 09:22:10 - ID DUPLICADO: Duplicado detectado en BD. UUID=4114c219-9375-4b8f-b8d7-a5c3f59d34d8, idFactura=FAC-365806
2026-04-06 09:22:10 - ID DUPLICADO: Duplicado detectado en BD. UUID=4114c219-9375-4b8f-b8d7-a5c3f59d34d8, idFactura=FAC-483960
2026-04-06 09:22:10 - ID DUPLICADO: Duplicado detectado en BD. UUID=4114c219-9375-4b8f-b8d7-a5c3f59d34d8, idFactura=FAC-987284
2026-04-06 09:22:10 - ID DUPLICADO: Duplicado detectado en BD. UUID=4114c219-9375-4b8f-b8d7-a5c3f59d34d8, idFactura=FAC-110198
2026-04-06 09:22:10 - ID DUPLICADO: Duplicado detectado en BD. UUID=4114c219-9375-4b8f-b8d7-a5c3f59d34d8, idFactura=FAC-171660
2026-04-06 09:22:10 - ID DUPLICADO: Duplicado detectado en BD. UUID=4114c219-9375-4b8f-b8d7-a5c3f59d34d8, idFactura=FAC-524860
2026-04-06 09:22:10 - ID DUPLICADO: Duplicado detectado en BD. UUID=4114c219-9375-4b8f-b8d7-a5c3f59d34d8, idFactura=FAC-277755
2026-04-06 09:22:10 - ID DUPLICADO: Duplicado detectado en BD. UUID=4114c219-9375-4b8f-b8d7-a5c3f59d34d8, idFactura=FAC-928643
2026-04-06 09:22:10 - ID DUPLICADO: Duplicado detectado en BD. UUID=4114c219-9375-4b8f-b8d7-a5c3f59d34d8, idFactura=FAC-306407
2026-04-06 09:22:10 - ID DUPLICADO: Duplicado detectado en BD. UUID=4114c219-9375-4b8f-b8d7-a5c3f59d34d8, idFactura=FAC-671980
2026-04-06 09:22:10 - ID DUPLICADO: Duplicado detectado en BD. UUID=4114c219-9375-4b8f-b8d7-a5c3f59d34d8, idFactura=FAC-429154
2026-04-06 09:22:10 - ID DUPLICADO: Duplicado detectado en BD. UUID=4114c219-9375-4b8f-b8d7-a5c3f59d34d8, idFactura=FAC-277546
2026-04-06 09:22:10 - ID DUPLICADO: Duplicado detectado en BD. UUID=4114c219-9375-4b8f-b8d7-a5c3f59d34d8, idFactura=FAC-154426
2026-04-06 09:22:10 - ID DUPLICADO: Duplicado detectado en BD. UUID=4114c219-9375-4b8f-b8d7-a5c3f59d34d8, idFactura=FAC-287410
2026-04-06 09:22:10 - ID DUPLICADO: Duplicado detectado en BD. UUID=4114c219-9375-4b8f-b8d7-a5c3f59d34d8, idFactura=FAC-330572
2026-04-06 09:22:10 - ID DUPLICADO: Duplicado detectado en BD. UUID=4114c219-9375-4b8f-b8d7-a5c3f59d34d8, idFactura=FAC-853942
2026-04-06 09:22:10 - ID DUPLICADO: Duplicado detectado en BD. UUID=4114c219-9375-4b8f-b8d7-a5c3f59d34d8, idFactura=FAC-511040
2026-04-06 09:22:10 - ID DUPLICADO: Duplicado detectado en BD. UUID=4114c219-9375-4b8f-b8d7-a5c3f59d34d8, idFactura=FAC-833248
2026-04-06 09:22:10 - ID DUPLICADO: Duplicado detectado en BD. UUID=4114c219-9375-4b8f-b8d7-a5c3f59d34d8, idFactura=FAC-185550
2026-04-06 09:22:10 - ID DUPLICADO: Duplicado detectado en BD. UUID=4114c219-9375-4b8f-b8d7-a5c3f59d34d8, idFactura=FAC-852017
2026-04-06 09:22:10 - ID DUPLICADO: Duplicado detectado en BD. UUID=4114c219-9375-4b8f-b8d7-a5c3f59d34d8, idFactura=FAC-413135
2026-04-06 09:22:10 - ID DUPLICADO: Duplicado detectado en BD. UUID=4114c219-9375-4b8f-b8d7-a5c3f59d34d8, idFactura=FAC-537199
2026-04-06 09:22:10 - ID DUPLICADO: Duplicado detectado en BD. UUID=4114c219-9375-4b8f-b8d7-a5c3f59d34d8, idFactura=FAC-311342
2026-04-06 09:22:10 - ID DUPLICADO: Duplicado detectado en BD. UUID=4114c219-9375-4b8f-b8d7-a5c3f59d34d8, idFactura=FAC-386025
2026-04-06 09:22:10 - ID DUPLICADO: Duplicado detectado en BD. UUID=4114c219-9375-4b8f-b8d7-a5c3f59d34d8, idFactura=FAC-3782
2026-04-06 09:22:10 - ID DUPLICADO: Duplicado detectado en BD. UUID=4114c219-9375-4b8f-b8d7-a5c3f59d34d8, idFactura=FAC-568178
2026-04-06 09:22:10 - ID DUPLICADO: Duplicado detectado en BD. UUID=4114c219-9375-4b8f-b8d7-a5c3f59d34d8, idFactura=FAC-311930
2026-04-06 09:22:10 - ID DUPLICADO: Duplicado detectado en BD. UUID=4114c219-9375-4b8f-b8d7-a5c3f59d34d8, idFactura=FAC-820106
2026-04-06 09:22:10 - ID DUPLICADO: Duplicado detectado en BD. UUID=4114c219-9375-4b8f-b8d7-a5c3f59d34d8, idFactura=FAC-433700
2026-04-06 09:22:10 - ID DUPLICADO: Duplicado detectado en BD. UUID=4114c219-9375-4b8f-b8d7-a5c3f59d34d8, idFactura=FAC-505393
2026-04-06 09:22:10 - ID DUPLICADO: Duplicado detectado en BD. UUID=4114c219-9375-4b8f-b8d7-a5c3f59d34d8, idFactura=FAC-842163
2026-04-06 09:22:10 - ID DUPLICADO: Duplicado detectado en BD. UUID=4114c219-9375-4b8f-b8d7-a5c3f59d34d8, idFactura=FAC-525821
2026-04-06 09:22:10 - ID DUPLICADO: Duplicado detectado en BD. UUID=4114c219-9375-4b8f-b8d7-a5c3f59d34d8, idFactura=FAC-240971
2026-04-06 09:22:10 - ID DUPLICADO: Duplicado detectado en BD. UUID=4114c219-9375-4b8f-b8d7-a5c3f59d34d8, idFactura=FAC-39125
2026-04-06 09:22:10 - ID DUPLICADO: Duplicado detectado en BD. UUID=4114c219-9375-4b8f-b8d7-a5c3f59d34d8, idFactura=FAC-419304
2026-04-06 09:22:10 - ID DUPLICADO: Duplicado detectado en BD. UUID=4114c219-9375-4b8f-b8d7-a5c3f59d34d8, idFactura=FAC-740169
2026-04-06 09:22:10 - ID DUPLICADO: Duplicado detectado en BD. UUID=4114c219-9375-4b8f-b8d7-a5c3f59d34d8, idFactura=FAC-132803
2026-04-06 09:22:10 - ID DUPLICADO: Duplicado detectado en BD. UUID=4114c219-9375-4b8f-b8d7-a5c3f59d34d8, idFactura=FAC-746616
2026-04-06 09:22:10 - ID DUPLICADO: Duplicado detectado en BD. UUID=4114c219-9375-4b8f-b8d7-a5c3f59d34d8, idFactura=FAC-109663
2026-04-06 09:22:10 - ID DUPLICADO: Duplicado detectado en BD. UUID=4114c219-9375-4b8f-b8d7-a5c3f59d34d8, idFactura=FAC-561740
2026-04-06 09:22:10 - ID DUPLICADO: Duplicado detectado en BD. UUID=4114c219-9375-4b8f-b8d7-a5c3f59d34d8, idFactura=FAC-416372
2026-04-06 09:22:10 - ID DUPLICADO: Duplicado detectado en BD. UUID=4114c219-9375-4b8f-b8d7-a5c3f59d34d8, idFactura=FAC-75908
2026-04-06 09:22:10 - ID DUPLICADO: Duplicado detectado en BD. UUID=4114c219-9375-4b8f-b8d7-a5c3f59d34d8, idFactura=FAC-631284
2026-04-06 09:22:10 - ID DUPLICADO: Duplicado detectado en BD. UUID=4114c219-9375-4b8f-b8d7-a5c3f59d34d8, idFactura=FAC-983976
2026-04-06 09:22:10 - ID DUPLICADO: Duplicado detectado en BD. UUID=4114c219-9375-4b8f-b8d7-a5c3f59d34d8, idFactura=FAC-868934
2026-04-06 09:22:10 - ID DUPLICADO: Duplicado detectado en BD. UUID=4114c219-9375-4b8f-b8d7-a5c3f59d34d8, idFactura=FAC-85938
2026-04-06 09:22:10 - ID DUPLICADO: Duplicado detectado en BD. UUID=4114c219-9375-4b8f-b8d7-a5c3f59d34d8, idFactura=FAC-827502
2026-04-06 09:22:10 - ID DUPLICADO: Duplicado detectado en BD. UUID=4114c219-9375-4b8f-b8d7-a5c3f59d34d8, idFactura=FAC-887863
2026-04-06 09:22:10 - ID DUPLICADO: Duplicado detectado en BD. UUID=4114c219-9375-4b8f-b8d7-a5c3f59d34d8, idFactura=FAC-444772
2026-04-06 09:22:10 - ID DUPLICADO: Duplicado detectado en BD. UUID=4114c219-9375-4b8f-b8d7-a5c3f59d34d8, idFactura=FAC-360147
2026-04-06 09:26:37 - ID DUPLICADO: Duplicado detectado en BD. UUID=4114c219-9375-4b8f-b8d7-a5c3f59d34d8, idFactura=FAC-72592
2026-04-06 09:26:37 - ID DUPLICADO: Duplicado detectado en BD. UUID=4114c219-9375-4b8f-b8d7-a5c3f59d34d8, idFactura=FAC-811239
2026-04-06 09:26:37 - ID DUPLICADO: Duplicado detectado en BD. UUID=4114c219-9375-4b8f-b8d7-a5c3f59d34d8, idFactura=FAC-404913
2026-04-06 09:26:37 - ID DUPLICADO: Duplicado detectado en BD. UUID=4114c219-9375-4b8f-b8d7-a5c3f59d34d8, idFactura=FAC-315450
2026-04-06 09:26:37 - ID DUPLICADO: Duplicado detectado en BD. UUID=4114c219-9375-4b8f-b8d7-a5c3f59d34d8, idFactura=FAC-394845
2026-04-06 09:26:37 - ID DUPLICADO: Duplicado detectado en BD. UUID=4114c219-9375-4b8f-b8d7-a5c3f59d34d8, idFactura=FAC-783135
2026-04-06 09:26:37 - ID DUPLICADO: Duplicado detectado en BD. UUID=4114c219-9375-4b8f-b8d7-a5c3f59d34d8, idFactura=FAC-609500
2026-04-06 09:26:37 - ID DUPLICADO: Duplicado detectado en BD. UUID=4114c219-9375-4b8f-b8d7-a5c3f59d34d8, idFactura=FAC-262295
2026-04-06 09:26:37 - ID DUPLICADO: Duplicado detectado en BD. UUID=4114c219-9375-4b8f-b8d7-a5c3f59d34d8, idFactura=FAC-343029
2026-04-06 09:26:37 - ID DUPLICADO: Duplicado detectado en BD. UUID=4114c219-9375-4b8f-b8d7-a5c3f59d34d8, idFactura=FAC-988781
2026-04-06 09:26:37 - ID DUPLICADO: Duplicado detectado en BD. UUID=4114c219-9375-4b8f-b8d7-a5c3f59d34d8, idFactura=FAC-966273
2026-04-06 09:26:37 - ID DUPLICADO: Duplicado detectado en BD. UUID=4114c219-9375-4b8f-b8d7-a5c3f59d34d8, idFactura=FAC-506157
2026-04-06 09:26:37 - ID DUPLICADO: Duplicado detectado en BD. UUID=4114c219-9375-4b8f-b8d7-a5c3f59d34d8, idFactura=FAC-626642
2026-04-06 09:26:37 - ID DUPLICADO: Duplicado detectado en BD. UUID=4114c219-9375-4b8f-b8d7-a5c3f59d34d8, idFactura=FAC-262957
2026-04-06 09:26:37 - ID DUPLICADO: Duplicado detectado en BD. UUID=4114c219-9375-4b8f-b8d7-a5c3f59d34d8, idFactura=FAC-125863
2026-04-06 09:26:37 - ID DUPLICADO: Duplicado detectado en BD. UUID=4114c219-9375-4b8f-b8d7-a5c3f59d34d8, idFactura=FAC-592232
2026-04-06 09:26:37 - ID DUPLICADO: Duplicado detectado en BD. UUID=4114c219-9375-4b8f-b8d7-a5c3f59d34d8, idFactura=FAC-230469
2026-04-06 09:26:37 - ID DUPLICADO: Duplicado detectado en BD. UUID=4114c219-9375-4b8f-b8d7-a5c3f59d34d8, idFactura=FAC-913993
2026-04-06 09:26:37 - ID DUPLICADO: Duplicado detectado en BD. UUID=4114c219-9375-4b8f-b8d7-a5c3f59d34d8, idFactura=FAC-745507
2026-04-06 09:26:37 - ID DUPLICADO: Duplicado detectado en BD. UUID=4114c219-9375-4b8f-b8d7-a5c3f59d34d8, idFactura=FAC-311815
2026-04-06 09:26:37 - ID DUPLICADO: Duplicado detectado en BD. UUID=4114c219-9375-4b8f-b8d7-a5c3f59d34d8, idFactura=FAC-272899
2026-04-06 09:26:37 - ID DUPLICADO: Duplicado detectado en BD. UUID=4114c219-9375-4b8f-b8d7-a5c3f59d34d8, idFactura=FAC-536955
2026-04-06 09:26:37 - ID DUPLICADO: Duplicado detectado en BD. UUID=4114c219-9375-4b8f-b8d7-a5c3f59d34d8, idFactura=FAC-242816
2026-04-06 09:26:37 - ID DUPLICADO: Duplicado detectado en BD. UUID=4114c219-9375-4b8f-b8d7-a5c3f59d34d8, idFactura=FAC-415106
2026-04-06 09:26:37 - ID DUPLICADO: Duplicado detectado en BD. UUID=4114c219-9375-4b8f-b8d7-a5c3f59d34d8, idFactura=FAC-825423
2026-04-06 09:26:37 - ID DUPLICADO: Duplicado detectado en BD. UUID=4114c219-9375-4b8f-b8d7-a5c3f59d34d8, idFactura=FAC-406412
2026-04-06 09:26:37 - ID DUPLICADO: Duplicado detectado en BD. UUID=4114c219-9375-4b8f-b8d7-a5c3f59d34d8, idFactura=FAC-668388
2026-04-06 09:26:37 - ID DUPLICADO: Duplicado detectado en BD. UUID=4114c219-9375-4b8f-b8d7-a5c3f59d34d8, idFactura=FAC-927818
2026-04-06 09:26:37 - ID DUPLICADO: Duplicado detectado en BD. UUID=4114c219-9375-4b8f-b8d7-a5c3f59d34d8, idFactura=FAC-937709
2026-04-06 09:26:37 - ID DUPLICADO: Duplicado detectado en BD. UUID=4114c219-9375-4b8f-b8d7-a5c3f59d34d8, idFactura=FAC-629265
2026-04-06 09:26:37 - ID DUPLICADO: Duplicado detectado en BD. UUID=4114c219-9375-4b8f-b8d7-a5c3f59d34d8, idFactura=FAC-393872
2026-04-06 09:26:37 - ID DUPLICADO: Duplicado detectado en BD. UUID=4114c219-9375-4b8f-b8d7-a5c3f59d34d8, idFactura=FAC-716277
2026-04-06 09:26:37 - ID DUPLICADO: Duplicado detectado en BD. UUID=4114c219-9375-4b8f-b8d7-a5c3f59d34d8, idFactura=FAC-171767
2026-04-06 09:26:37 - ID DUPLICADO: Duplicado detectado en BD. UUID=4114c219-9375-4b8f-b8d7-a5c3f59d34d8, idFactura=FAC-105836
2026-04-06 09:26:37 - ID DUPLICADO: Duplicado detectado en BD. UUID=4114c219-9375-4b8f-b8d7-a5c3f59d34d8, idFactura=FAC-85580
2026-04-06 09:26:37 - ID DUPLICADO: Duplicado detectado en BD. UUID=4114c219-9375-4b8f-b8d7-a5c3f59d34d8, idFactura=FAC-764729
2026-04-06 09:26:37 - ID DUPLICADO: Duplicado detectado en BD. UUID=4114c219-9375-4b8f-b8d7-a5c3f59d34d8, idFactura=FAC-429284
2026-04-06 09:26:37 - ID DUPLICADO: Duplicado detectado en BD. UUID=4114c219-9375-4b8f-b8d7-a5c3f59d34d8, idFactura=FAC-706025
2026-04-06 09:26:37 - ID DUPLICADO: Duplicado detectado en BD. UUID=4114c219-9375-4b8f-b8d7-a5c3f59d34d8, idFactura=FAC-985629
2026-04-06 09:26:37 - ID DUPLICADO: Duplicado detectado en BD. UUID=4114c219-9375-4b8f-b8d7-a5c3f59d34d8, idFactura=FAC-753547
2026-04-06 09:26:37 - ID DUPLICADO: Duplicado detectado en BD. UUID=4114c219-9375-4b8f-b8d7-a5c3f59d34d8, idFactura=FAC-123012
2026-04-06 09:26:37 - ID DUPLICADO: Duplicado detectado en BD. UUID=4114c219-9375-4b8f-b8d7-a5c3f59d34d8, idFactura=FAC-104483
2026-04-06 09:26:37 - ID DUPLICADO: Duplicado detectado en BD. UUID=4114c219-9375-4b8f-b8d7-a5c3f59d34d8, idFactura=FAC-340203
2026-04-06 09:26:37 - ID DUPLICADO: Duplicado detectado en BD. UUID=4114c219-9375-4b8f-b8d7-a5c3f59d34d8, idFactura=FAC-215971
2026-04-06 09:26:37 - ID DUPLICADO: Duplicado detectado en BD. UUID=4114c219-9375-4b8f-b8d7-a5c3f59d34d8, idFactura=FAC-37798
2026-04-06 09:26:37 - ID DUPLICADO: Duplicado detectado en BD. UUID=4114c219-9375-4b8f-b8d7-a5c3f59d34d8, idFactura=FAC-950883
2026-04-06 09:26:37 - ID DUPLICADO: Duplicado detectado en BD. UUID=4114c219-9375-4b8f-b8d7-a5c3f59d34d8, idFactura=FAC-348675
2026-04-06 09:26:37 - ID DUPLICADO: Duplicado detectado en BD. UUID=4114c219-9375-4b8f-b8d7-a5c3f59d34d8, idFactura=FAC-435908
2026-04-06 09:26:37 - ID DUPLICADO: Duplicado detectado en BD. UUID=4114c219-9375-4b8f-b8d7-a5c3f59d34d8, idFactura=FAC-729532
2026-04-06 09:26:37 - ID DUPLICADO: Duplicado detectado en BD. UUID=4114c219-9375-4b8f-b8d7-a5c3f59d34d8, idFactura=FAC-383212
2026-04-06 09:26:37 - ID DUPLICADO: Duplicado detectado en BD. UUID=4114c219-9375-4b8f-b8d7-a5c3f59d34d8, idFactura=FAC-502565
2026-04-06 09:26:37 - ID DUPLICADO: Duplicado detectado en BD. UUID=4114c219-9375-4b8f-b8d7-a5c3f59d34d8, idFactura=FAC-509950
2026-04-06 09:26:37 - ID DUPLICADO: Duplicado detectado en BD. UUID=4114c219-9375-4b8f-b8d7-a5c3f59d34d8, idFactura=FAC-819935
2026-04-06 09:26:37 - ID DUPLICADO: Duplicado detectado en BD. UUID=4114c219-9375-4b8f-b8d7-a5c3f59d34d8, idFactura=FAC-324344
2026-04-06 09:26:37 - ID DUPLICADO: Duplicado detectado en BD. UUID=4114c219-9375-4b8f-b8d7-a5c3f59d34d8, idFactura=FAC-443248
2026-04-06 09:26:37 - ID DUPLICADO: Duplicado detectado en BD. UUID=4114c219-9375-4b8f-b8d7-a5c3f59d34d8, idFactura=FAC-10995
2026-04-06 09:26:37 - ID DUPLICADO: Duplicado detectado en BD. UUID=4114c219-9375-4b8f-b8d7-a5c3f59d34d8, idFactura=FAC-621230
2026-04-06 09:26:37 - ID DUPLICADO: Duplicado detectado en BD. UUID=4114c219-9375-4b8f-b8d7-a5c3f59d34d8, idFactura=FAC-865965
2026-04-06 09:26:37 - ID DUPLICADO: Duplicado detectado en BD. UUID=4114c219-9375-4b8f-b8d7-a5c3f59d34d8, idFactura=FAC-306561
2026-04-06 09:26:37 - ID DUPLICADO: Duplicado detectado en BD. UUID=4114c219-9375-4b8f-b8d7-a5c3f59d34d8, idFactura=FAC-254627
2026-04-06 09:26:37 - ID DUPLICADO: Duplicado detectado en BD. UUID=4114c219-9375-4b8f-b8d7-a5c3f59d34d8, idFactura=FAC-150189
2026-04-06 09:26:37 - ID DUPLICADO: Duplicado detectado en BD. UUID=4114c219-9375-4b8f-b8d7-a5c3f59d34d8, idFactura=FAC-198311
2026-04-06 09:26:37 - ID DUPLICADO: Duplicado detectado en BD. UUID=4114c219-9375-4b8f-b8d7-a5c3f59d34d8, idFactura=FAC-124282
2026-04-06 09:26:37 - ID DUPLICADO: Duplicado detectado en BD. UUID=4114c219-9375-4b8f-b8d7-a5c3f59d34d8, idFactura=FAC-693824
2026-04-06 09:26:37 - ID DUPLICADO: Duplicado detectado en BD. UUID=4114c219-9375-4b8f-b8d7-a5c3f59d34d8, idFactura=FAC-664984
2026-04-06 09:26:37 - ID DUPLICADO: Duplicado detectado en BD. UUID=4114c219-9375-4b8f-b8d7-a5c3f59d34d8, idFactura=FAC-124051
2026-04-06 09:26:37 - ID DUPLICADO: Duplicado detectado en BD. UUID=4114c219-9375-4b8f-b8d7-a5c3f59d34d8, idFactura=FAC-793886
2026-04-06 09:26:37 - ID DUPLICADO: Duplicado detectado en BD. UUID=4114c219-9375-4b8f-b8d7-a5c3f59d34d8, idFactura=FAC-46618
2026-04-06 09:26:37 - ID DUPLICADO: Duplicado detectado en BD. UUID=4114c219-9375-4b8f-b8d7-a5c3f59d34d8, idFactura=FAC-935702
2026-04-06 09:26:37 - ID DUPLICADO: Duplicado detectado en BD. UUID=4114c219-9375-4b8f-b8d7-a5c3f59d34d8, idFactura=FAC-829229
2026-04-06 09:26:37 - ID DUPLICADO: Duplicado detectado en BD. UUID=4114c219-9375-4b8f-b8d7-a5c3f59d34d8, idFactura=FAC-902100
2026-04-06 09:26:37 - ID DUPLICADO: Duplicado detectado en BD. UUID=4114c219-9375-4b8f-b8d7-a5c3f59d34d8, idFactura=FAC-639044
2026-04-06 09:26:37 - ID DUPLICADO: Duplicado detectado en BD. UUID=4114c219-9375-4b8f-b8d7-a5c3f59d34d8, idFactura=FAC-814149
2026-04-06 09:26:37 - ID DUPLICADO: Duplicado detectado en BD. UUID=4114c219-9375-4b8f-b8d7-a5c3f59d34d8, idFactura=FAC-832770
2026-04-06 09:26:37 - ID DUPLICADO: Duplicado detectado en BD. UUID=4114c219-9375-4b8f-b8d7-a5c3f59d34d8, idFactura=FAC-973130
2026-04-06 09:26:37 - ID DUPLICADO: Duplicado detectado en BD. UUID=4114c219-9375-4b8f-b8d7-a5c3f59d34d8, idFactura=FAC-431511
2026-04-06 09:26:37 - ID DUPLICADO: Duplicado detectado en BD. UUID=4114c219-9375-4b8f-b8d7-a5c3f59d34d8, idFactura=FAC-665300
2026-04-06 09:26:37 - ID DUPLICADO: Duplicado detectado en BD. UUID=4114c219-9375-4b8f-b8d7-a5c3f59d34d8, idFactura=FAC-828978
2026-04-06 09:26:37 - ID DUPLICADO: Duplicado detectado en BD. UUID=4114c219-9375-4b8f-b8d7-a5c3f59d34d8, idFactura=FAC-234614
2026-04-06 09:26:37 - ID DUPLICADO: Duplicado detectado en BD. UUID=4114c219-9375-4b8f-b8d7-a5c3f59d34d8, idFactura=FAC-58189
2026-04-06 09:26:37 - ID DUPLICADO: Duplicado detectado en BD. UUID=4114c219-9375-4b8f-b8d7-a5c3f59d34d8, idFactura=FAC-399015
2026-04-06 09:26:37 - ID DUPLICADO: Duplicado detectado en BD. UUID=4114c219-9375-4b8f-b8d7-a5c3f59d34d8, idFactura=FAC-913231
2026-04-06 09:26:37 - ID DUPLICADO: Duplicado detectado en BD. UUID=4114c219-9375-4b8f-b8d7-a5c3f59d34d8, idFactura=FAC-947826
2026-04-06 09:26:37 - ID DUPLICADO: Duplicado detectado en BD. UUID=4114c219-9375-4b8f-b8d7-a5c3f59d34d8, idFactura=FAC-731672
2026-04-06 09:26:37 - ID DUPLICADO: Duplicado detectado en BD. UUID=4114c219-9375-4b8f-b8d7-a5c3f59d34d8, idFactura=FAC-591528
2026-04-06 09:26:37 - ID DUPLICADO: Duplicado detectado en BD. UUID=4114c219-9375-4b8f-b8d7-a5c3f59d34d8, idFactura=FAC-215284
2026-04-06 09:26:37 - ID DUPLICADO: Duplicado detectado en BD. UUID=4114c219-9375-4b8f-b8d7-a5c3f59d34d8, idFactura=FAC-724289
2026-04-06 09:26:37 - ID DUPLICADO: Duplicado detectado en BD. UUID=4114c219-9375-4b8f-b8d7-a5c3f59d34d8, idFactura=FAC-223933
2026-04-06 09:26:37 - ID DUPLICADO: Duplicado detectado en BD. UUID=4114c219-9375-4b8f-b8d7-a5c3f59d34d8, idFactura=FAC-468007
2026-04-06 09:26:37 - ID DUPLICADO: Duplicado detectado en BD. UUID=4114c219-9375-4b8f-b8d7-a5c3f59d34d8, idFactura=FAC-150259
2026-04-06 09:26:37 - ID DUPLICADO: Duplicado detectado en BD. UUID=4114c219-9375-4b8f-b8d7-a5c3f59d34d8, idFactura=FAC-98600
2026-04-06 09:26:37 - ID DUPLICADO: Duplicado detectado en BD. UUID=4114c219-9375-4b8f-b8d7-a5c3f59d34d8, idFactura=FAC-548342
2026-04-06 09:26:37 - ID DUPLICADO: Duplicado detectado en BD. UUID=4114c219-9375-4b8f-b8d7-a5c3f59d34d8, idFactura=FAC-762113
2026-04-06 09:26:37 - ID DUPLICADO: Duplicado detectado en BD. UUID=4114c219-9375-4b8f-b8d7-a5c3f59d34d8, idFactura=FAC-681606
2026-04-06 09:26:37 - ID DUPLICADO: Duplicado detectado en BD. UUID=4114c219-9375-4b8f-b8d7-a5c3f59d34d8, idFactura=FAC-63352
2026-04-06 09:26:37 - ID DUPLICADO: Duplicado detectado en BD. UUID=4114c219-9375-4b8f-b8d7-a5c3f59d34d8, idFactura=FAC-311357
2026-04-06 09:26:37 - ID DUPLICADO: Duplicado detectado en BD. UUID=4114c219-9375-4b8f-b8d7-a5c3f59d34d8, idFactura=FAC-225891
2026-04-06 09:26:37 - ID DUPLICADO: Duplicado detectado en BD. UUID=4114c219-9375-4b8f-b8d7-a5c3f59d34d8, idFactura=FAC-290596
2026-04-06 09:26:37 - ID DUPLICADO: Duplicado detectado en BD. UUID=4114c219-9375-4b8f-b8d7-a5c3f59d34d8, idFactura=FAC-4177
2026-04-06 09:31:19 - ID DUPLICADO: Duplicado detectado en BD. UUID=9169949b-2fc8-49e3-9032-ab1c41e2b5c7, idFactura=FACTURA-12345
2026-04-06 09:31:19 - ID DUPLICADO: Duplicado detectado en BD. UUID=961717f5-2c86-4e89-8f05-7728ff0014f6, idFactura=FACTURA-12345
2026-04-06 09:31:19 - ID DUPLICADO: Duplicado detectado en BD. UUID=9ea88a57-d312-426c-a267-5c5fed55669c, idFactura=FACTURA-12345
2026-04-06 09:31:19 - ID DUPLICADO: Duplicado detectado en BD. UUID=69cc1d20-0871-4021-812a-307b7d167603, idFactura=FACTURA-12345
2026-04-06 09:31:19 - ID DUPLICADO: Duplicado detectado en BD. UUID=1091cdd4-83f5-467c-965e-31e99c9f90c7, idFactura=FACTURA-12345
2026-04-06 09:31:19 - ID DUPLICADO: Duplicado detectado en BD. UUID=84bc2b97-a5a4-4a1b-af2d-0ffb411490ca, idFactura=FACTURA-12345
2026-04-06 09:31:19 - ID DUPLICADO: Duplicado detectado en BD. UUID=06f205cf-7dc7-4b43-984e-f2cb1eafa5c7, idFactura=FACTURA-12345
2026-04-06 09:31:19 - ID DUPLICADO: Duplicado detectado en BD. UUID=5a675a83-3aa9-44cd-8906-88cdba1303c2, idFactura=FACTURA-12345
2026-04-06 09:31:19 - ID DUPLICADO: Duplicado detectado en BD. UUID=8f7936a5-53d8-420f-8e40-c042b86cc5de, idFactura=FACTURA-12345
2026-04-06 09:31:19 - ID DUPLICADO: Duplicado detectado en BD. UUID=bae65186-a3b3-4680-8b5a-24f2872a90b1, idFactura=FACTURA-12345
2026-04-06 09:31:19 - ID DUPLICADO: Duplicado detectado en BD. UUID=8dcb7934-ee53-4eea-94e4-8a9bd0bd94df, idFactura=FACTURA-12345
2026-04-06 09:31:19 - ID DUPLICADO: Duplicado detectado en BD. UUID=7c95ec2f-b1fa-4628-9295-5ddb0211472e, idFactura=FACTURA-12345
2026-04-06 09:31:19 - ID DUPLICADO: Duplicado detectado en BD. UUID=33d0d6ab-1773-4e46-b8d0-18dc2c9da1c2, idFactura=FACTURA-12345
2026-04-06 09:31:19 - ID DUPLICADO: Duplicado detectado en BD. UUID=29b7f465-7816-42c5-ae0e-084ff7f4fd53, idFactura=FACTURA-12345
2026-04-06 09:31:19 - ID DUPLICADO: Duplicado detectado en BD. UUID=a4d90dc1-77b7-43fb-b093-5ea97a6d8ebc, idFactura=FACTURA-12345
2026-04-06 09:31:19 - ID DUPLICADO: Duplicado detectado en BD. UUID=9280bd81-1405-480e-8c78-007ad30308e8, idFactura=FACTURA-12345
2026-04-06 09:31:19 - ID DUPLICADO: Duplicado detectado en BD. UUID=3be968f0-a21f-4b80-8205-cd2a81b75242, idFactura=FACTURA-12345
2026-04-06 09:31:19 - ID DUPLICADO: Duplicado detectado en BD. UUID=2dd695ba-49cd-43fd-b64f-86872d20f469, idFactura=FACTURA-12345
2026-04-06 09:31:19 - ID DUPLICADO: Duplicado detectado en BD. UUID=abdf9c5e-b9c9-484d-9a19-c95e16f5a06b, idFactura=FACTURA-12345
2026-04-06 09:31:19 - ID DUPLICADO: Duplicado detectado en BD. UUID=9bbe12e7-bf63-4665-b2e5-7657980a6431, idFactura=FACTURA-12345
2026-04-06 09:31:19 - ID DUPLICADO: Duplicado detectado en BD. UUID=2fe11daa-f364-441c-bec5-e7981da282bf, idFactura=FACTURA-12345
2026-04-06 09:31:19 - ID DUPLICADO: Duplicado detectado en BD. UUID=90639be5-06a4-45ff-8f0a-3773b13ee8b3, idFactura=FACTURA-12345
2026-04-06 09:31:19 - ID DUPLICADO: Duplicado detectado en BD. UUID=1489022f-f181-4c42-94f8-c0ecf2639217, idFactura=FACTURA-12345
2026-04-06 09:31:19 - ID DUPLICADO: Duplicado detectado en BD. UUID=1a6a9bbe-ece1-4d76-b7ac-11379569cbe8, idFactura=FACTURA-12345
2026-04-06 09:31:19 - ID DUPLICADO: Duplicado detectado en BD. UUID=db52cf20-a6e3-40b2-a216-39b5ccd4e03b, idFactura=FACTURA-12345
2026-04-06 09:31:19 - ID DUPLICADO: Duplicado detectado en BD. UUID=f0511244-6546-44e2-bf7f-6d676cdf31df, idFactura=FACTURA-12345
2026-04-06 09:31:19 - ID DUPLICADO: Duplicado detectado en BD. UUID=2f841def-f8f0-4e24-9362-c545c1159d33, idFactura=FACTURA-12345
2026-04-06 09:31:19 - ID DUPLICADO: Duplicado detectado en BD. UUID=6abce022-0c3c-4790-8b7d-e313ecca65dc, idFactura=FACTURA-12345
2026-04-06 09:31:19 - ID DUPLICADO: Duplicado detectado en BD. UUID=d1d7b890-600e-4aeb-86d6-244b2fec30cd, idFactura=FACTURA-12345
2026-04-06 09:31:19 - ID DUPLICADO: Duplicado detectado en BD. UUID=0c3c4628-d677-4863-981a-e0cff9568ef5, idFactura=FACTURA-12345
2026-04-06 09:31:19 - ID DUPLICADO: Duplicado detectado en BD. UUID=21075c95-f72a-4e1c-a0d8-1d6a08615d5d, idFactura=FACTURA-12345
2026-04-06 09:31:19 - ID DUPLICADO: Duplicado detectado en BD. UUID=a2593785-c160-47ee-bbf6-1a55161d2d1e, idFactura=FACTURA-12345
2026-04-06 09:31:19 - ID DUPLICADO: Duplicado detectado en BD. UUID=c808d946-7308-4fe1-856d-2746e2956f6d, idFactura=FACTURA-12345
2026-04-06 09:31:19 - ID DUPLICADO: Duplicado detectado en BD. UUID=3d999e2b-10c7-4ca5-872a-c8d742b04ee3, idFactura=FACTURA-12345
2026-04-06 09:31:19 - ID DUPLICADO: Duplicado detectado en BD. UUID=96e17e03-7828-4beb-93c0-78b97f4ef027, idFactura=FACTURA-12345
2026-04-06 09:31:19 - ID DUPLICADO: Duplicado detectado en BD. UUID=dba36429-20a3-4f72-8dd6-6a6cb11dedd9, idFactura=FACTURA-12345
2026-04-06 09:31:19 - ID DUPLICADO: Duplicado detectado en BD. UUID=18865c07-ba15-48d4-868e-61337819e20e, idFactura=FACTURA-12345
2026-04-06 09:31:19 - ID DUPLICADO: Duplicado detectado en BD. UUID=91b9fa6d-3f51-4106-abe1-9f95c7c22f55, idFactura=FACTURA-12345
2026-04-06 09:31:19 - ID DUPLICADO: Duplicado detectado en BD. UUID=bbf5d227-cfea-4fc5-898f-65df85cd9f5c, idFactura=FACTURA-12345
2026-04-06 09:31:19 - ID DUPLICADO: Duplicado detectado en BD. UUID=88fd4952-3844-45d8-bdce-b8e382bede60, idFactura=FACTURA-12345
2026-04-06 09:31:19 - ID DUPLICADO: Duplicado detectado en BD. UUID=975905ca-c969-4f0f-a25a-c85caebf8a4e, idFactura=FACTURA-12345
2026-04-06 09:31:19 - ID DUPLICADO: Duplicado detectado en BD. UUID=4413f54b-0e3e-4c8a-ad50-9838735b694d, idFactura=FACTURA-12345
2026-04-06 09:31:19 - ID DUPLICADO: Duplicado detectado en BD. UUID=c12e7271-1f9c-40b2-a47d-602f291c81d7, idFactura=FACTURA-12345
2026-04-06 09:31:19 - ID DUPLICADO: Duplicado detectado en BD. UUID=17eb42ca-2908-4e16-af87-f381958c0c69, idFactura=FACTURA-12345
2026-04-06 09:31:19 - ID DUPLICADO: Duplicado detectado en BD. UUID=daa6b4c5-b7e4-4b2f-86e0-b4a1a5dba6c8, idFactura=FACTURA-12345
2026-04-06 09:31:19 - ID DUPLICADO: Duplicado detectado en BD. UUID=adc57f9b-10e7-4aad-b613-a76984e9f1ba, idFactura=FACTURA-12345
2026-04-06 09:31:19 - ID DUPLICADO: Duplicado detectado en BD. UUID=68dd4576-a671-4fc9-9f2f-3fc4979efd51, idFactura=FACTURA-12345
2026-04-06 09:31:19 - ID DUPLICADO: Duplicado detectado en BD. UUID=cbed15f0-d1a7-4cc6-ac59-5cd4a098201f, idFactura=FACTURA-12345
2026-04-06 09:31:19 - ID DUPLICADO: Duplicado detectado en BD. UUID=35b08f8c-d0d1-41f5-a999-64d6b350fb6d, idFactura=FACTURA-12345
2026-04-06 09:31:19 - ID DUPLICADO: Duplicado detectado en BD. UUID=add7e862-8a67-473c-9381-3d7b333c7c75, idFactura=FACTURA-12345
2026-04-06 09:31:19 - ID DUPLICADO: Duplicado detectado en BD. UUID=6fa2690b-ccb1-4735-91b6-9b9cf7fdf4ea, idFactura=FACTURA-12345
2026-04-06 09:31:19 - ID DUPLICADO: Duplicado detectado en BD. UUID=3c78e10a-6658-4476-85d0-295d3dc9e083, idFactura=FACTURA-12345
2026-04-06 09:31:19 - ID DUPLICADO: Duplicado detectado en BD. UUID=8a972985-fcd6-4c3b-ae9e-bac57ed1003f, idFactura=FACTURA-12345
2026-04-06 09:31:19 - ID DUPLICADO: Duplicado detectado en BD. UUID=9a872898-7914-4f54-b55b-7f600419d383, idFactura=FACTURA-12345
2026-04-06 09:31:19 - ID DUPLICADO: Duplicado detectado en BD. UUID=fb70689d-2663-4749-820c-a4a7ad70b86c, idFactura=FACTURA-12345
2026-04-06 09:31:19 - ID DUPLICADO: Duplicado detectado en BD. UUID=c7c67a02-61e5-4067-be1b-c9ec4f142e41, idFactura=FACTURA-12345
2026-04-06 09:31:19 - ID DUPLICADO: Duplicado detectado en BD. UUID=b4983edd-e238-4c29-a8ca-477efa6844e5, idFactura=FACTURA-12345
2026-04-06 09:31:19 - ID DUPLICADO: Duplicado detectado en BD. UUID=70116bc3-8e19-494c-9646-66ec93fdd441, idFactura=FACTURA-12345
2026-04-06 09:31:19 - ID DUPLICADO: Duplicado detectado en BD. UUID=fd9654bb-42ae-4164-8c58-b21141cc0fb1, idFactura=FACTURA-12345
2026-04-06 09:31:19 - ID DUPLICADO: Duplicado detectado en BD. UUID=851b4aa8-88f6-40c1-9184-c49e3afabbbd, idFactura=FACTURA-12345
2026-04-06 09:31:19 - ID DUPLICADO: Duplicado detectado en BD. UUID=d7d7c27b-73c9-4970-ad8b-962b43082389, idFactura=FACTURA-12345
2026-04-06 09:31:19 - ID DUPLICADO: Duplicado detectado en BD. UUID=4c5345ce-6952-448b-bd44-a33681aa2915, idFactura=FACTURA-12345
2026-04-06 09:31:19 - ID DUPLICADO: Duplicado detectado en BD. UUID=60f75dc5-60b9-49ee-85ec-58ebcad4925a, idFactura=FACTURA-12345
2026-04-06 09:31:19 - ID DUPLICADO: Duplicado detectado en BD. UUID=b5ce0aa8-8dff-4b41-9920-969db0eb810b, idFactura=FACTURA-12345
2026-04-06 09:31:19 - ID DUPLICADO: Duplicado detectado en BD. UUID=447c29dc-71b7-4751-bf69-580b601e25b8, idFactura=FACTURA-12345
2026-04-06 09:31:19 - ID DUPLICADO: Duplicado detectado en BD. UUID=7ef01766-73f8-47fa-9437-b1995f8febf6, idFactura=FACTURA-12345
2026-04-06 09:31:19 - ID DUPLICADO: Duplicado detectado en BD. UUID=57cf8679-db64-4a9c-af70-9d23d4f6389f, idFactura=FACTURA-12345
2026-04-06 09:31:19 - ID DUPLICADO: Duplicado detectado en BD. UUID=aea2d253-569d-41da-89d0-8f0e1a83b089, idFactura=FACTURA-12345
2026-04-06 09:31:19 - ID DUPLICADO: Duplicado detectado en BD. UUID=65715ae0-9a0f-43c0-85e6-9761027a5e08, idFactura=FACTURA-12345
2026-04-06 09:31:19 - ID DUPLICADO: Duplicado detectado en BD. UUID=caeac8b6-e38d-442b-a2b9-33b2c07e1291, idFactura=FACTURA-12345
2026-04-06 09:31:19 - ID DUPLICADO: Duplicado detectado en BD. UUID=705d33ec-8f6e-41db-91e7-fdd36db0294b, idFactura=FACTURA-12345
2026-04-06 09:31:19 - ID DUPLICADO: Duplicado detectado en BD. UUID=94b8bc4b-f812-42f8-b7f4-73b638085ebc, idFactura=FACTURA-12345
2026-04-06 09:31:19 - ID DUPLICADO: Duplicado detectado en BD. UUID=0494bc0b-c7bb-4eae-ab51-5965aea33f8a, idFactura=FACTURA-12345
2026-04-06 09:31:19 - ID DUPLICADO: Duplicado detectado en BD. UUID=4d85f349-434f-4b7d-9da5-6b697bc51a87, idFactura=FACTURA-12345
2026-04-06 09:31:19 - ID DUPLICADO: Duplicado detectado en BD. UUID=b3862357-e218-4e57-9867-996c7db861b8, idFactura=FACTURA-12345
2026-04-06 09:31:19 - ID DUPLICADO: Duplicado detectado en BD. UUID=75c6f6b9-63fb-47f7-95cd-e11129a9c7db, idFactura=FACTURA-12345
2026-04-06 09:31:19 - ID DUPLICADO: Duplicado detectado en BD. UUID=c36ba9c6-48ab-4536-99a4-e1a22531104a, idFactura=FACTURA-12345
2026-04-06 09:31:19 - ID DUPLICADO: Duplicado detectado en BD. UUID=ee735bae-847d-42ec-a84b-ab1ce239cf49, idFactura=FACTURA-12345
2026-04-06 09:31:19 - ID DUPLICADO: Duplicado detectado en BD. UUID=d002399c-0fb0-4e37-894b-36805f34bc29, idFactura=FACTURA-12345
2026-04-06 09:31:19 - ID DUPLICADO: Duplicado detectado en BD. UUID=d474e573-0bcc-44fd-b96e-2bb2cf7f54ec, idFactura=FACTURA-12345
2026-04-06 09:31:19 - ID DUPLICADO: Duplicado detectado en BD. UUID=cb355cbc-f3bb-448f-afaa-0832dda824c6, idFactura=FACTURA-12345
2026-04-06 09:31:19 - ID DUPLICADO: Duplicado detectado en BD. UUID=36b994d5-3dea-4dc3-9ca1-42be158a518d, idFactura=FACTURA-12345
2026-04-06 09:31:19 - ID DUPLICADO: Duplicado detectado en BD. UUID=98e6f048-6056-4a1a-b64a-c6014c0d8ba7, idFactura=FACTURA-12345
2026-04-06 09:31:19 - ID DUPLICADO: Duplicado detectado en BD. UUID=2f3bc7d5-b8ee-4a00-9b38-e17325cecbb4, idFactura=FACTURA-12345
2026-04-06 09:31:19 - ID DUPLICADO: Duplicado detectado en BD. UUID=f8f99832-92f6-4f12-b33b-d76709687bde, idFactura=FACTURA-12345
2026-04-06 09:31:19 - ID DUPLICADO: Duplicado detectado en BD. UUID=c558880f-e22e-440c-b51b-3c01d3332cb5, idFactura=FACTURA-12345
2026-04-06 09:31:19 - ID DUPLICADO: Duplicado detectado en BD. UUID=5d4ac5b6-3191-487c-8720-2a99092b5825, idFactura=FACTURA-12345
2026-04-06 09:31:19 - ID DUPLICADO: Duplicado detectado en BD. UUID=debc6358-d38d-4ccf-b550-6d1141b92494, idFactura=FACTURA-12345
2026-04-06 09:31:19 - ID DUPLICADO: Duplicado detectado en BD. UUID=935b8dfb-4766-4e31-9112-ee03dffa3707, idFactura=FACTURA-12345
2026-04-06 09:31:19 - ID DUPLICADO: Duplicado detectado en BD. UUID=72bcbbe6-c3e9-4dd5-b5e8-6b6782501686, idFactura=FACTURA-12345
2026-04-06 09:31:19 - ID DUPLICADO: Duplicado detectado en BD. UUID=947c3ccb-35a0-4269-ba19-592960a14c4b, idFactura=FACTURA-12345
2026-04-06 09:31:19 - ID DUPLICADO: Duplicado detectado en BD. UUID=639ed8ba-8799-47d3-b84e-ae70aac2fedc, idFactura=FACTURA-12345
2026-04-06 09:31:19 - ID DUPLICADO: Duplicado detectado en BD. UUID=cc4d09c0-15a2-45df-ab56-0b13e7401919, idFactura=FACTURA-12345
2026-04-06 09:31:19 - ID DUPLICADO: Duplicado detectado en BD. UUID=500f0916-0721-4bc2-bc78-5dd622a0ccc7, idFactura=FACTURA-12345
2026-04-06 09:31:19 - ID DUPLICADO: Duplicado detectado en BD. UUID=1163df94-df7d-4554-ae39-ac60b7e51158, idFactura=FACTURA-12345
2026-04-06 09:31:19 - ID DUPLICADO: Duplicado detectado en BD. UUID=b623db91-dfe6-49af-8330-442c77ba18a2, idFactura=FACTURA-12345
2026-04-06 09:31:19 - ID DUPLICADO: Duplicado detectado en BD. UUID=409f787f-4e62-4bf0-8423-26085afb6cb7, idFactura=FACTURA-12345
2026-04-06 09:31:19 - ID DUPLICADO: Duplicado detectado en BD. UUID=17f3d4ee-486c-4539-892b-a619227be50a, idFactura=FACTURA-12345
2026-04-06 09:31:19 - ID DUPLICADO: Duplicado detectado en BD. UUID=35fbd117-3128-4d8f-a24f-da4d328171cb, idFactura=FACTURA-12345
2026-04-06 09:45:43 - ID DUPLICADO: Duplicado detectado en BD. UUID=3a5e99a9-54af-4b54-aef1-d25bb90bb81b, idFactura=FACTURA-12345
2026-04-06 09:45:43 - ID DUPLICADO: Duplicado detectado en BD. UUID=d2a8724b-cacc-4462-9ec9-2e60ca671841, idFactura=FACTURA-12345
2026-04-06 09:45:43 - ID DUPLICADO: Duplicado detectado en BD. UUID=9841a766-bed9-44bb-b4df-c84ad1bfff7c, idFactura=FACTURA-12345
2026-04-06 09:45:43 - ID DUPLICADO: Duplicado detectado en BD. UUID=12e5616c-bbb6-4793-be8a-cd5df5458adf, idFactura=FACTURA-12345
2026-04-06 09:45:43 - ID DUPLICADO: Duplicado detectado en BD. UUID=ea4b1a83-57ec-431a-aea9-263d07f43a2e, idFactura=FACTURA-12345
2026-04-06 09:45:43 - ID DUPLICADO: Duplicado detectado en BD. UUID=15fa5897-011e-4e1d-a82f-b8a801d76941, idFactura=FACTURA-12345
2026-04-06 09:45:43 - ID DUPLICADO: Duplicado detectado en BD. UUID=88588c09-859b-4a53-8d03-8f93434c8477, idFactura=FACTURA-12345
2026-04-06 09:45:43 - ID DUPLICADO: Duplicado detectado en BD. UUID=7f82619a-8676-4b8b-a58c-09928777aba0, idFactura=FACTURA-12345
2026-04-06 09:45:43 - ID DUPLICADO: Duplicado detectado en BD. UUID=906f81ac-cbeb-4b6a-a10d-e199531a6886, idFactura=FACTURA-12345
2026-04-06 09:45:43 - ID DUPLICADO: Duplicado detectado en BD. UUID=3cd9cd93-82b6-4a78-a517-a210932fb1b1, idFactura=FACTURA-12345
2026-04-06 09:45:43 - ID DUPLICADO: Duplicado detectado en BD. UUID=061ac8de-8b06-4ff5-a5e2-3c1d27d59d29, idFactura=FACTURA-12345
2026-04-06 09:45:43 - ID DUPLICADO: Duplicado detectado en BD. UUID=8c3418ec-6ef2-45c2-a012-69e6480f6413, idFactura=FACTURA-12345
2026-04-06 09:45:43 - ID DUPLICADO: Duplicado detectado en BD. UUID=7b5bd4bd-5ff9-42a3-a0ae-f264c0955370, idFactura=FACTURA-12345
2026-04-06 09:45:43 - ID DUPLICADO: Duplicado detectado en BD. UUID=162ccb42-5140-44f3-9be8-87808f7cebbc, idFactura=FACTURA-12345
2026-04-06 09:45:43 - ID DUPLICADO: Duplicado detectado en BD. UUID=95fa84a7-387b-4e03-8c19-129316a853a3, idFactura=FACTURA-12345
2026-04-06 09:45:43 - ID DUPLICADO: Duplicado detectado en BD. UUID=0f91b1e4-c140-46ed-8830-2f1438de9a19, idFactura=FACTURA-12345
2026-04-06 09:45:43 - ID DUPLICADO: Duplicado detectado en BD. UUID=aed50c8b-22cc-45a4-ba5f-61fe938460fe, idFactura=FACTURA-12345
2026-04-06 09:45:43 - ID DUPLICADO: Duplicado detectado en BD. UUID=325c88c2-8268-4b38-a50a-f0a3057f7834, idFactura=FACTURA-12345
2026-04-06 09:45:43 - ID DUPLICADO: Duplicado detectado en BD. UUID=4cea10fd-3049-4a7b-920a-6963a5c66771, idFactura=FACTURA-12345
2026-04-06 09:45:43 - ID DUPLICADO: Duplicado detectado en BD. UUID=9cd83027-05ef-4df0-9645-f237449846d8, idFactura=FACTURA-12345
2026-04-06 09:45:43 - ID DUPLICADO: Duplicado detectado en BD. UUID=046976b4-2c72-4003-aff3-33e5f3f82478, idFactura=FACTURA-12345
2026-04-06 09:45:43 - ID DUPLICADO: Duplicado detectado en BD. UUID=3bdbe2de-d135-4e40-b842-9a9675fe3e60, idFactura=FACTURA-12345
2026-04-06 09:45:43 - ID DUPLICADO: Duplicado detectado en BD. UUID=77df8572-82f6-43c9-8343-6226e0d93337, idFactura=FACTURA-12345
2026-04-06 09:45:43 - ID DUPLICADO: Duplicado detectado en BD. UUID=01e0954f-0e51-4852-a9d5-701c355cd79c, idFactura=FACTURA-12345
2026-04-06 09:45:43 - ID DUPLICADO: Duplicado detectado en BD. UUID=32111887-dd3f-4978-adfa-8c5708f6e21b, idFactura=FACTURA-12345
2026-04-06 09:45:43 - ID DUPLICADO: Duplicado detectado en BD. UUID=770f6913-3930-4b27-9fdb-711244c36786, idFactura=FACTURA-12345
2026-04-06 09:45:43 - ID DUPLICADO: Duplicado detectado en BD. UUID=cb737006-35ae-4951-aa97-db59b2c0c03f, idFactura=FACTURA-12345
2026-04-06 09:45:43 - ID DUPLICADO: Duplicado detectado en BD. UUID=a2d28c14-0f68-4185-b2d2-3b007e7d6d99, idFactura=FACTURA-12345
2026-04-06 09:45:43 - ID DUPLICADO: Duplicado detectado en BD. UUID=07c9caea-8fa9-4034-a2b3-80bd73b8bd27, idFactura=FACTURA-12345
2026-04-06 09:45:43 - ID DUPLICADO: Duplicado detectado en BD. UUID=834641ea-d513-47aa-ae14-5bb8133f224a, idFactura=FACTURA-12345
2026-04-06 09:45:43 - ID DUPLICADO: Duplicado detectado en BD. UUID=50f241f4-c3d4-4177-8a8c-de70eff1fb9b, idFactura=FACTURA-12345
2026-04-06 09:45:43 - ID DUPLICADO: Duplicado detectado en BD. UUID=ae2624e4-3421-464d-a001-e6d24f99ad93, idFactura=FACTURA-12345
2026-04-06 09:45:43 - ID DUPLICADO: Duplicado detectado en BD. UUID=34f9424d-3460-487b-9b6c-bae042625411, idFactura=FACTURA-12345
2026-04-06 09:45:43 - ID DUPLICADO: Duplicado detectado en BD. UUID=f1ad1557-b629-4f98-8558-afd034a0cf98, idFactura=FACTURA-12345
2026-04-06 09:45:43 - ID DUPLICADO: Duplicado detectado en BD. UUID=0d695ee2-9f43-4bef-9e59-aa84b2979d6f, idFactura=FACTURA-12345
2026-04-06 09:45:43 - ID DUPLICADO: Duplicado detectado en BD. UUID=affbb04f-9eb2-40d5-adc7-9235a032ece2, idFactura=FACTURA-12345
2026-04-06 09:45:43 - ID DUPLICADO: Duplicado detectado en BD. UUID=2af59d1f-86e4-48fa-84ad-196fb9942d28, idFactura=FACTURA-12345
2026-04-06 09:45:43 - ID DUPLICADO: Duplicado detectado en BD. UUID=298ba687-dbab-4c3b-a54e-c24c3b19be90, idFactura=FACTURA-12345
2026-04-06 09:45:43 - ID DUPLICADO: Duplicado detectado en BD. UUID=0ac446d8-d710-437f-b0dc-ff74252a2de7, idFactura=FACTURA-12345
2026-04-06 09:45:43 - ID DUPLICADO: Duplicado detectado en BD. UUID=7aaeecdf-8e2f-487b-9909-904661cee63a, idFactura=FACTURA-12345
2026-04-06 09:45:43 - ID DUPLICADO: Duplicado detectado en BD. UUID=43f001ec-29aa-4a28-87bd-be7eae399874, idFactura=FACTURA-12345
2026-04-06 09:45:43 - ID DUPLICADO: Duplicado detectado en BD. UUID=0fbe645d-5baf-43ed-a790-830c38a2381b, idFactura=FACTURA-12345
2026-04-06 09:45:43 - ID DUPLICADO: Duplicado detectado en BD. UUID=8ba33d98-f3f1-42e5-85c3-1091d0fe9e60, idFactura=FACTURA-12345
2026-04-06 09:45:43 - ID DUPLICADO: Duplicado detectado en BD. UUID=9889da47-4f1f-4106-bb41-530b046c0bef, idFactura=FACTURA-12345
2026-04-06 09:45:43 - ID DUPLICADO: Duplicado detectado en BD. UUID=e57f0cdc-ed86-44e4-b056-55909773a171, idFactura=FACTURA-12345
2026-04-06 09:45:43 - ID DUPLICADO: Duplicado detectado en BD. UUID=c66df8a6-3fa2-4c61-8482-ee4657c18355, idFactura=FACTURA-12345
2026-04-06 09:45:43 - ID DUPLICADO: Duplicado detectado en BD. UUID=a71df97c-3cc0-4da0-a1ff-57d59d22b89c, idFactura=FACTURA-12345
2026-04-06 09:45:43 - ID DUPLICADO: Duplicado detectado en BD. UUID=c1426761-e4ee-464e-b330-9a8953d0c789, idFactura=FACTURA-12345
2026-04-06 09:45:43 - ID DUPLICADO: Duplicado detectado en BD. UUID=450e93b3-22ff-444d-820d-865cf1fc8303, idFactura=FACTURA-12345
2026-04-06 09:45:43 - ID DUPLICADO: Duplicado detectado en BD. UUID=5c25c84d-fb6a-4bf3-aa16-5035da38beee, idFactura=FACTURA-12345
2026-04-06 09:45:43 - ID DUPLICADO: Duplicado detectado en BD. UUID=314fd8bf-1283-41da-a761-11eb52245a19, idFactura=FACTURA-12345
2026-04-06 09:45:43 - ID DUPLICADO: Duplicado detectado en BD. UUID=b6086f3c-094f-4ce9-9306-5b3764fac8c6, idFactura=FACTURA-12345
2026-04-06 09:45:43 - ID DUPLICADO: Duplicado detectado en BD. UUID=e1cd724e-51aa-487f-9433-cfc9dd5de845, idFactura=FACTURA-12345
2026-04-06 09:45:43 - ID DUPLICADO: Duplicado detectado en BD. UUID=2441c472-b36c-4a36-bf94-618f3dbbe3bc, idFactura=FACTURA-12345
2026-04-06 09:45:43 - ID DUPLICADO: Duplicado detectado en BD. UUID=89294754-8dea-449b-aac4-84b851475e58, idFactura=FACTURA-12345
2026-04-06 09:45:43 - ID DUPLICADO: Duplicado detectado en BD. UUID=ca990db2-7471-4bdd-afef-e158f549f67a, idFactura=FACTURA-12345
2026-04-06 09:45:43 - ID DUPLICADO: Duplicado detectado en BD. UUID=10312d0c-776c-4450-b8c1-7c811016cd69, idFactura=FACTURA-12345
2026-04-06 09:45:43 - ID DUPLICADO: Duplicado detectado en BD. UUID=b2362a4e-1caf-4784-b1da-d18fedeebfd2, idFactura=FACTURA-12345
2026-04-06 09:45:43 - ID DUPLICADO: Duplicado detectado en BD. UUID=fed4fe20-b493-4d75-a997-17e543df4dbf, idFactura=FACTURA-12345
2026-04-06 09:45:43 - ID DUPLICADO: Duplicado detectado en BD. UUID=db78a6ed-b436-4d65-8ce8-313ae3ade00c, idFactura=FACTURA-12345
2026-04-06 09:45:43 - ID DUPLICADO: Duplicado detectado en BD. UUID=888b2ac4-da8d-434b-bec8-1ae3b0afe0f0, idFactura=FACTURA-12345
2026-04-06 09:45:43 - ID DUPLICADO: Duplicado detectado en BD. UUID=abc8b775-2fa4-4cad-9f31-19a1ce236286, idFactura=FACTURA-12345
2026-04-06 09:45:43 - ID DUPLICADO: Duplicado detectado en BD. UUID=86e064fc-192d-4676-a550-6b49cad64c22, idFactura=FACTURA-12345
2026-04-06 09:45:43 - ID DUPLICADO: Duplicado detectado en BD. UUID=481515f0-1b83-4388-aa5e-679c953de7b2, idFactura=FACTURA-12345
2026-04-06 09:45:43 - ID DUPLICADO: Duplicado detectado en BD. UUID=9cd909ac-59df-4a30-ba2c-44d663516efe, idFactura=FACTURA-12345
2026-04-06 09:45:43 - ID DUPLICADO: Duplicado detectado en BD. UUID=ab553c9a-7e2d-46ae-b245-d43cd65e775a, idFactura=FACTURA-12345
2026-04-06 09:45:43 - ID DUPLICADO: Duplicado detectado en BD. UUID=3eca0148-80d2-43ff-b331-9e28296ccc54, idFactura=FACTURA-12345
2026-04-06 09:45:43 - ID DUPLICADO: Duplicado detectado en BD. UUID=c528462d-d6b4-4624-8744-516c39cc7a93, idFactura=FACTURA-12345
2026-04-06 09:45:43 - ID DUPLICADO: Duplicado detectado en BD. UUID=61f7bcf0-ae08-44bf-92a2-1dd5881f3f4c, idFactura=FACTURA-12345
2026-04-06 09:45:43 - ID DUPLICADO: Duplicado detectado en BD. UUID=159b3f37-468d-4f17-b618-0fb1d048186c, idFactura=FACTURA-12345
2026-04-06 09:45:43 - ID DUPLICADO: Duplicado detectado en BD. UUID=63e6b73a-0bbd-4145-af8e-594d85ec2982, idFactura=FACTURA-12345
2026-04-06 09:45:43 - ID DUPLICADO: Duplicado detectado en BD. UUID=ced1e6ad-d118-4eb2-8ccd-be76ebe5c815, idFactura=FACTURA-12345
2026-04-06 09:45:43 - ID DUPLICADO: Duplicado detectado en BD. UUID=b3cf4981-4d6f-4987-b529-6f832bd8aab2, idFactura=FACTURA-12345
2026-04-06 09:45:43 - ID DUPLICADO: Duplicado detectado en BD. UUID=3973a4da-e0d6-4949-a6b2-d4100442d257, idFactura=FACTURA-12345
2026-04-06 09:45:43 - ID DUPLICADO: Duplicado detectado en BD. UUID=fe061e5f-90c8-41f7-a9fa-15a4fb2a02b3, idFactura=FACTURA-12345
2026-04-06 09:45:43 - ID DUPLICADO: Duplicado detectado en BD. UUID=32c6f8d1-d4dd-4ca2-85fb-c6771939c61a, idFactura=FACTURA-12345
2026-04-06 09:45:43 - ID DUPLICADO: Duplicado detectado en BD. UUID=3354c628-00b4-4351-9619-fb184e34db54, idFactura=FACTURA-12345
2026-04-06 09:45:43 - ID DUPLICADO: Duplicado detectado en BD. UUID=f3b509dd-15b2-4029-a8e3-101332b0b219, idFactura=FACTURA-12345
2026-04-06 09:45:43 - ID DUPLICADO: Duplicado detectado en BD. UUID=c59bf7ce-15ab-4e0f-b579-9d7fa7df9f26, idFactura=FACTURA-12345
2026-04-06 09:45:43 - ID DUPLICADO: Duplicado detectado en BD. UUID=b2c9cf79-49cb-4c5b-8719-a63c53c82c2d, idFactura=FACTURA-12345
2026-04-06 09:45:43 - ID DUPLICADO: Duplicado detectado en BD. UUID=06ccff85-1fe5-4b25-83df-ffe6cf134e66, idFactura=FACTURA-12345
2026-04-06 09:45:43 - ID DUPLICADO: Duplicado detectado en BD. UUID=6bc7cc1c-6e4d-44e8-ab4b-3c2172bff55c, idFactura=FACTURA-12345
2026-04-06 09:45:43 - ID DUPLICADO: Duplicado detectado en BD. UUID=bb006c02-709f-4a6f-bbfd-da4bfd966f63, idFactura=FACTURA-12345
2026-04-06 09:45:43 - ID DUPLICADO: Duplicado detectado en BD. UUID=688c54e3-9511-4bbd-9f1b-c56541dfaf5d, idFactura=FACTURA-12345
2026-04-06 09:45:43 - ID DUPLICADO: Duplicado detectado en BD. UUID=51899899-5e14-477f-9c0d-c67bf75a1cdc, idFactura=FACTURA-12345
2026-04-06 09:45:43 - ID DUPLICADO: Duplicado detectado en BD. UUID=c8a8f59b-582e-44be-b3aa-1d7d8467d6f7, idFactura=FACTURA-12345
2026-04-06 09:45:43 - ID DUPLICADO: Duplicado detectado en BD. UUID=6a6437e3-1b05-43f3-8dbf-9aa3cbf05d7b, idFactura=FACTURA-12345
2026-04-06 09:45:43 - ID DUPLICADO: Duplicado detectado en BD. UUID=1046c5dd-74b5-44ef-b64e-b3868e09a4ba, idFactura=FACTURA-12345
2026-04-06 09:45:43 - ID DUPLICADO: Duplicado detectado en BD. UUID=b9f91e4a-bcae-4e6a-b853-9a0d57a05a08, idFactura=FACTURA-12345
2026-04-06 09:45:43 - ID DUPLICADO: Duplicado detectado en BD. UUID=5f7de3cc-8ab8-42fd-900f-4c3149e4cf3a, idFactura=FACTURA-12345
2026-04-06 09:45:43 - ID DUPLICADO: Duplicado detectado en BD. UUID=64e20f64-3e47-488b-adba-8303b4442c76, idFactura=FACTURA-12345
2026-04-06 09:45:43 - ID DUPLICADO: Duplicado detectado en BD. UUID=a6e1f016-eac2-4a84-b2fd-d514d6a1b599, idFactura=FACTURA-12345
2026-04-06 09:45:43 - ID DUPLICADO: Duplicado detectado en BD. UUID=4cd715ea-128f-4017-93d3-86b214a3ebd6, idFactura=FACTURA-12345
2026-04-06 09:45:43 - ID DUPLICADO: Duplicado detectado en BD. UUID=6d1d1a01-d317-47dd-911f-324673d47777, idFactura=FACTURA-12345
2026-04-06 09:45:43 - ID DUPLICADO: Duplicado detectado en BD. UUID=210f5c1c-1dc3-444e-b1a2-fb66820adfad, idFactura=FACTURA-12345
2026-04-06 09:45:44 - ID DUPLICADO: Duplicado detectado en BD. UUID=3e2893b6-15f2-4c68-8a1a-e0288ca8d4da, idFactura=FACTURA-12345
2026-04-06 09:45:44 - ID DUPLICADO: Duplicado detectado en BD. UUID=32776a18-6d6c-48fc-8c9c-8522d25f8a9a, idFactura=FACTURA-12345
2026-04-06 09:45:44 - ID DUPLICADO: Duplicado detectado en BD. UUID=a93fa57f-44a5-4831-988e-abc0da55d5b2, idFactura=FACTURA-12345
2026-04-06 09:45:44 - ID DUPLICADO: Duplicado detectado en BD. UUID=9cc47ec8-1379-4b82-a4b9-f8323859deaf, idFactura=FACTURA-12345
2026-04-06 09:47:06 - ID DUPLICADO: Duplicado detectado en BD. UUID=8b9aba9f-e75f-4f0a-b7a3-5ce2e0795746, idFactura=FACTURA-12345
2026-04-06 09:47:06 - ID DUPLICADO: Duplicado detectado en BD. UUID=dace4a0a-a108-47bd-8486-b006a590235a, idFactura=FACTURA-12345
2026-04-06 09:47:06 - ID DUPLICADO: Duplicado detectado en BD. UUID=d808efa4-a312-45f7-bf0f-f405430267d6, idFactura=FACTURA-12345
2026-04-06 09:47:06 - ID DUPLICADO: Duplicado detectado en BD. UUID=ad0a1a89-f450-4153-8a1c-73e291cd42cb, idFactura=FACTURA-12345
2026-04-06 09:47:06 - ID DUPLICADO: Duplicado detectado en BD. UUID=de5b3b98-d476-4c68-908f-b55b74dbda2d, idFactura=FACTURA-12345
2026-04-06 09:47:06 - ID DUPLICADO: Duplicado detectado en BD. UUID=cb6fbd32-b80e-4aa7-8b93-b39bfd2a1ac3, idFactura=FACTURA-12345
2026-04-06 09:47:06 - ID DUPLICADO: Duplicado detectado en BD. UUID=bad5518c-2d9d-4b26-90f5-65923a3ecd10, idFactura=FACTURA-12345
2026-04-06 09:47:06 - ID DUPLICADO: Duplicado detectado en BD. UUID=5c5db673-7df6-48ce-bd80-361354699f8a, idFactura=FACTURA-12345
2026-04-06 09:47:06 - ID DUPLICADO: Duplicado detectado en BD. UUID=fb8e9afe-9adf-4384-8ddf-4bf349e2a0d2, idFactura=FACTURA-12345
2026-04-06 09:47:06 - ID DUPLICADO: Duplicado detectado en BD. UUID=8036f686-3eec-4ff7-908b-67c66c14d817, idFactura=FACTURA-12345
2026-04-06 09:47:06 - ID DUPLICADO: Duplicado detectado en BD. UUID=e4431939-1a22-4e4a-9f9e-909664db03b3, idFactura=FACTURA-12345
2026-04-06 09:47:06 - ID DUPLICADO: Duplicado detectado en BD. UUID=1693263c-73be-4f2c-a53f-e7b29bd34891, idFactura=FACTURA-12345
2026-04-06 09:47:06 - ID DUPLICADO: Duplicado detectado en BD. UUID=b3f4134d-60a3-4826-b621-fcb77a5e7409, idFactura=FACTURA-12345
2026-04-06 09:47:06 - ID DUPLICADO: Duplicado detectado en BD. UUID=b9cb58fe-0c87-4b63-8c5e-1d9e6b10c9b6, idFactura=FACTURA-12345
2026-04-06 09:47:06 - ID DUPLICADO: Duplicado detectado en BD. UUID=aa479f8f-4995-4a41-9ee1-af31a5969183, idFactura=FACTURA-12345
2026-04-06 09:47:06 - ID DUPLICADO: Duplicado detectado en BD. UUID=bec028ca-b297-498f-9f64-7b13986a49cd, idFactura=FACTURA-12345
2026-04-06 09:47:06 - ID DUPLICADO: Duplicado detectado en BD. UUID=d59aab06-5727-45af-afc9-a6a2bb3a6851, idFactura=FACTURA-12345
2026-04-06 09:47:06 - ID DUPLICADO: Duplicado detectado en BD. UUID=d542ac26-c9f9-4887-95a0-280aa682d8ad, idFactura=FACTURA-12345
2026-04-06 09:47:06 - ID DUPLICADO: Duplicado detectado en BD. UUID=3dc23d45-367c-4658-831f-e702df8586bc, idFactura=FACTURA-12345
2026-04-06 09:47:06 - ID DUPLICADO: Duplicado detectado en BD. UUID=f5555492-1671-4f96-83d9-685fb6bca086, idFactura=FACTURA-12345
2026-04-06 09:47:06 - ID DUPLICADO: Duplicado detectado en BD. UUID=f8c22c8b-ac8b-403d-9c2b-98bd87285086, idFactura=FACTURA-12345
2026-04-06 09:47:06 - ID DUPLICADO: Duplicado detectado en BD. UUID=b622bbeb-2f95-42be-b5e3-db45a2cf37a4, idFactura=FACTURA-12345
2026-04-06 09:47:06 - ID DUPLICADO: Duplicado detectado en BD. UUID=1a563372-05a9-4278-96df-0fb9229156a5, idFactura=FACTURA-12345
2026-04-06 09:47:06 - ID DUPLICADO: Duplicado detectado en BD. UUID=fee13311-5975-476d-a0b3-fecb5b1e29df, idFactura=FACTURA-12345
2026-04-06 09:47:06 - ID DUPLICADO: Duplicado detectado en BD. UUID=59fe02f0-6d2c-4811-a190-806cab39b2ae, idFactura=FACTURA-12345
2026-04-06 09:47:06 - ID DUPLICADO: Duplicado detectado en BD. UUID=b258d3a0-1d4f-43e1-85d8-494369d245e4, idFactura=FACTURA-12345
2026-04-06 09:47:06 - ID DUPLICADO: Duplicado detectado en BD. UUID=d9efbbbf-379d-4b20-8b8d-9cf016cfa6f8, idFactura=FACTURA-12345
2026-04-06 09:47:06 - ID DUPLICADO: Duplicado detectado en BD. UUID=4c00e9fb-5b78-4d19-942d-fcc03905ce31, idFactura=FACTURA-12345
2026-04-06 09:47:06 - ID DUPLICADO: Duplicado detectado en BD. UUID=af4bfa4e-4988-4363-84c5-7f629499838d, idFactura=FACTURA-12345
2026-04-06 09:47:06 - ID DUPLICADO: Duplicado detectado en BD. UUID=8818f6ad-4e43-4676-a6d8-23099b15f8cc, idFactura=FACTURA-12345
2026-04-06 09:47:06 - ID DUPLICADO: Duplicado detectado en BD. UUID=63e1ce26-6f74-4216-b243-49bfcdc414c6, idFactura=FACTURA-12345
2026-04-06 09:47:06 - ID DUPLICADO: Duplicado detectado en BD. UUID=a9328a9b-c161-4afb-a8d5-ceb492e09ecf, idFactura=FACTURA-12345
2026-04-06 09:47:06 - ID DUPLICADO: Duplicado detectado en BD. UUID=d6b9b3eb-fe3a-4332-89c4-99871936fcb9, idFactura=FACTURA-12345
2026-04-06 09:47:06 - ID DUPLICADO: Duplicado detectado en BD. UUID=8defe9e1-e587-4de0-b996-80dca1ba0963, idFactura=FACTURA-12345
2026-04-06 09:47:06 - ID DUPLICADO: Duplicado detectado en BD. UUID=d816aa7b-eedd-41d0-8eb6-4e21875fa68c, idFactura=FACTURA-12345
2026-04-06 09:47:06 - ID DUPLICADO: Duplicado detectado en BD. UUID=efbcd86d-29de-4947-8dd8-78a6b648cd38, idFactura=FACTURA-12345
2026-04-06 09:47:06 - ID DUPLICADO: Duplicado detectado en BD. UUID=4db19f8a-03dc-4b9b-8d0c-9e447ef2d39a, idFactura=FACTURA-12345
2026-04-06 09:47:06 - ID DUPLICADO: Duplicado detectado en BD. UUID=fb2a24b5-1158-4483-8785-a0805595b524, idFactura=FACTURA-12345
2026-04-06 09:47:06 - ID DUPLICADO: Duplicado detectado en BD. UUID=0a879ced-38b6-4218-89f0-3324602805c7, idFactura=FACTURA-12345
2026-04-06 09:47:06 - ID DUPLICADO: Duplicado detectado en BD. UUID=d97e421a-3c3b-4e16-9f68-f43ee6ee5ef6, idFactura=FACTURA-12345
2026-04-06 09:47:06 - ID DUPLICADO: Duplicado detectado en BD. UUID=d40576b2-a61e-4ee3-93f3-5352ef2b7690, idFactura=FACTURA-12345
2026-04-06 09:47:06 - ID DUPLICADO: Duplicado detectado en BD. UUID=863a1b33-8f0e-4dbb-bff2-4106891ff5f2, idFactura=FACTURA-12345
2026-04-06 09:47:06 - ID DUPLICADO: Duplicado detectado en BD. UUID=de654ad0-5703-479c-89a5-de15683e1a47, idFactura=FACTURA-12345
2026-04-06 09:47:06 - ID DUPLICADO: Duplicado detectado en BD. UUID=0fb0c790-71ff-4b33-ae31-68df575a935b, idFactura=FACTURA-12345
2026-04-06 09:47:06 - ID DUPLICADO: Duplicado detectado en BD. UUID=8da0830e-17a2-4a77-b3ef-e518a616b7d5, idFactura=FACTURA-12345
2026-04-06 09:47:06 - ID DUPLICADO: Duplicado detectado en BD. UUID=5b3a9766-b668-49db-9514-b1973463665a, idFactura=FACTURA-12345
2026-04-06 09:47:06 - ID DUPLICADO: Duplicado detectado en BD. UUID=5e192cb1-519d-4276-bbd0-7293c2d100ff, idFactura=FACTURA-12345
2026-04-06 09:47:06 - ID DUPLICADO: Duplicado detectado en BD. UUID=32c55fbc-63d4-4985-bc3f-469705711c17, idFactura=FACTURA-12345
2026-04-06 09:47:06 - ID DUPLICADO: Duplicado detectado en BD. UUID=1365f965-f6d6-4bcd-85b0-da92b2c90b55, idFactura=FACTURA-12345
2026-04-06 09:47:06 - ID DUPLICADO: Duplicado detectado en BD. UUID=c3960caf-2dc7-4d5e-a119-73e44006c5ff, idFactura=FACTURA-12345
2026-04-06 09:47:06 - ID DUPLICADO: Duplicado detectado en BD. UUID=e7bafdee-b572-47b8-9e4b-b031b9732a11, idFactura=FACTURA-12345
2026-04-06 09:47:06 - ID DUPLICADO: Duplicado detectado en BD. UUID=621d45b6-4882-423d-b4ef-2080bf8511dd, idFactura=FACTURA-12345
2026-04-06 09:47:06 - ID DUPLICADO: Duplicado detectado en BD. UUID=72b1dea1-db94-4bb1-97c8-6bdf0dbcb57b, idFactura=FACTURA-12345
2026-04-06 09:47:06 - ID DUPLICADO: Duplicado detectado en BD. UUID=72027d3b-56f4-4175-9975-88069a1ed546, idFactura=FACTURA-12345
2026-04-06 09:47:06 - ID DUPLICADO: Duplicado detectado en BD. UUID=d0e731a8-1868-4ff5-9b10-33b34856ae31, idFactura=FACTURA-12345
2026-04-06 09:47:06 - ID DUPLICADO: Duplicado detectado en BD. UUID=81d356aa-d353-4a4e-99b2-a9114c93731b, idFactura=FACTURA-12345
2026-04-06 09:47:06 - ID DUPLICADO: Duplicado detectado en BD. UUID=df65a5a4-94a2-4a9a-90ea-337b702c39a5, idFactura=FACTURA-12345
2026-04-06 09:47:06 - ID DUPLICADO: Duplicado detectado en BD. UUID=1d3468b0-f808-42f6-8a17-8b19651304db, idFactura=FACTURA-12345
2026-04-06 09:47:06 - ID DUPLICADO: Duplicado detectado en BD. UUID=81688137-4550-4044-9042-fc0afce2f9ef, idFactura=FACTURA-12345
2026-04-06 09:47:06 - ID DUPLICADO: Duplicado detectado en BD. UUID=b92a0f8c-fd63-4072-9616-0b6fd03acd55, idFactura=FACTURA-12345
2026-04-06 09:47:06 - ID DUPLICADO: Duplicado detectado en BD. UUID=9fe44e43-ccc7-4f43-bf86-9829845754f4, idFactura=FACTURA-12345
2026-04-06 09:47:06 - ID DUPLICADO: Duplicado detectado en BD. UUID=0856d458-eaf4-45fe-a3b7-6b8091a6351b, idFactura=FACTURA-12345
2026-04-06 09:47:06 - ID DUPLICADO: Duplicado detectado en BD. UUID=5a690230-8e87-42f2-a652-1e181c376a6d, idFactura=FACTURA-12345
2026-04-06 09:47:06 - ID DUPLICADO: Duplicado detectado en BD. UUID=630ec703-fc59-4ed7-9884-4ddfabccac81, idFactura=FACTURA-12345
2026-04-06 09:47:06 - ID DUPLICADO: Duplicado detectado en BD. UUID=641b7eae-8b12-4a2f-8e3f-c9e50abb2877, idFactura=FACTURA-12345
2026-04-06 09:47:06 - ID DUPLICADO: Duplicado detectado en BD. UUID=75503ccc-bc1c-420d-ab3a-6571252a00c7, idFactura=FACTURA-12345
2026-04-06 09:47:06 - ID DUPLICADO: Duplicado detectado en BD. UUID=bbd9aa7b-d3c5-428b-839d-a56ccca58bf6, idFactura=FACTURA-12345
2026-04-06 09:47:06 - ID DUPLICADO: Duplicado detectado en BD. UUID=13f1fdf2-4497-4904-9c86-af14bc0c47cf, idFactura=FACTURA-12345
2026-04-06 09:47:06 - ID DUPLICADO: Duplicado detectado en BD. UUID=520ad1d0-2458-4fd0-9e32-8e9603b092d1, idFactura=FACTURA-12345
2026-04-06 09:47:06 - ID DUPLICADO: Duplicado detectado en BD. UUID=143cc8ef-64aa-4b77-9dc8-e6aef4dfdec2, idFactura=FACTURA-12345
2026-04-06 09:47:06 - ID DUPLICADO: Duplicado detectado en BD. UUID=9642321a-8c0e-4f8f-8a3d-a6e22b6a652c, idFactura=FACTURA-12345
2026-04-06 09:47:06 - ID DUPLICADO: Duplicado detectado en BD. UUID=2ddc4af6-aefd-439d-863f-ef2ecc1cd060, idFactura=FACTURA-12345
2026-04-06 09:47:06 - ID DUPLICADO: Duplicado detectado en BD. UUID=cf143ec1-b0c4-4114-9dd5-0099583f9185, idFactura=FACTURA-12345
2026-04-06 09:47:06 - ID DUPLICADO: Duplicado detectado en BD. UUID=e7f4af12-a9aa-46fa-a26e-088a74e8bd69, idFactura=FACTURA-12345
2026-04-06 09:47:06 - ID DUPLICADO: Duplicado detectado en BD. UUID=e12f862f-4a08-4791-8437-e696e0c4e769, idFactura=FACTURA-12345
2026-04-06 09:47:06 - ID DUPLICADO: Duplicado detectado en BD. UUID=a47fcd7e-9cde-46f3-ab40-7e6adad8b06a, idFactura=FACTURA-12345
2026-04-06 09:47:06 - ID DUPLICADO: Duplicado detectado en BD. UUID=83fba8b9-65e7-46eb-a5f6-307654f8adf3, idFactura=FACTURA-12345
2026-04-06 09:47:06 - ID DUPLICADO: Duplicado detectado en BD. UUID=6a95256b-4342-41ca-92cd-74f11e560b08, idFactura=FACTURA-12345
2026-04-06 09:47:06 - ID DUPLICADO: Duplicado detectado en BD. UUID=53b23fc8-65af-4edb-b5a2-f5f6cdd97506, idFactura=FACTURA-12345
2026-04-06 09:47:06 - ID DUPLICADO: Duplicado detectado en BD. UUID=e7e54d2d-dd97-4823-9881-704087317b0b, idFactura=FACTURA-12345
2026-04-06 09:47:06 - ID DUPLICADO: Duplicado detectado en BD. UUID=8ea2aee9-9a7c-4ed0-8f2d-7fcc9cd1b931, idFactura=FACTURA-12345
2026-04-06 09:47:06 - ID DUPLICADO: Duplicado detectado en BD. UUID=e05db94f-7fd2-4b71-91af-76318229481b, idFactura=FACTURA-12345
2026-04-06 09:47:06 - ID DUPLICADO: Duplicado detectado en BD. UUID=c97571c0-9018-4062-89dd-3069f911e516, idFactura=FACTURA-12345
2026-04-06 09:47:06 - ID DUPLICADO: Duplicado detectado en BD. UUID=d944c6f4-5fe6-4c3a-a9f0-4fa959314172, idFactura=FACTURA-12345
2026-04-06 09:47:06 - ID DUPLICADO: Duplicado detectado en BD. UUID=aecd8f10-b538-47ed-a957-0885a92ee596, idFactura=FACTURA-12345
2026-04-06 09:47:06 - ID DUPLICADO: Duplicado detectado en BD. UUID=18487b97-e597-4325-8e97-3913f64e4cca, idFactura=FACTURA-12345
2026-04-06 09:47:06 - ID DUPLICADO: Duplicado detectado en BD. UUID=1b7de5f9-8a9c-451d-83bc-255368a2a512, idFactura=FACTURA-12345
2026-04-06 09:47:06 - ID DUPLICADO: Duplicado detectado en BD. UUID=97389b5a-c21d-45ad-90c8-ca25c0dc174e, idFactura=FACTURA-12345
2026-04-06 09:47:06 - ID DUPLICADO: Duplicado detectado en BD. UUID=b07eaab7-8ad1-4474-a50b-a1d854461659, idFactura=FACTURA-12345
2026-04-06 09:47:06 - ID DUPLICADO: Duplicado detectado en BD. UUID=47038b51-7e84-451a-9184-3f1e73dc9f83, idFactura=FACTURA-12345
2026-04-06 09:47:06 - ID DUPLICADO: Duplicado detectado en BD. UUID=4b2376fc-0948-446d-84a8-bab4b01580bc, idFactura=FACTURA-12345
2026-04-06 09:47:06 - ID DUPLICADO: Duplicado detectado en BD. UUID=f6a2b8e2-b840-4038-a6e4-2f22c6e98542, idFactura=FACTURA-12345
2026-04-06 09:47:06 - ID DUPLICADO: Duplicado detectado en BD. UUID=c65f0e94-7f9f-44e3-8ca0-5fd837b55d04, idFactura=FACTURA-12345
2026-04-06 09:47:06 - ID DUPLICADO: Duplicado detectado en BD. UUID=ac446d05-425b-442b-963b-1e99755317b4, idFactura=FACTURA-12345
2026-04-06 09:47:06 - ID DUPLICADO: Duplicado detectado en BD. UUID=1700fc4c-f390-42aa-8e6f-33e83b82d185, idFactura=FACTURA-12345
2026-04-06 09:47:06 - ID DUPLICADO: Duplicado detectado en BD. UUID=cf241fb7-3cf9-41f9-a71a-4f0f89dcf57e, idFactura=FACTURA-12345
2026-04-06 09:47:06 - ID DUPLICADO: Duplicado detectado en BD. UUID=e829d606-d7ed-414e-999b-a5f8839b19d7, idFactura=FACTURA-12345
2026-04-06 09:47:06 - ID DUPLICADO: Duplicado detectado en BD. UUID=e54e0947-05c3-4f71-9032-16f1395c49b8, idFactura=FACTURA-12345
2026-04-06 09:47:06 - ID DUPLICADO: Duplicado detectado en BD. UUID=8e8de786-af50-4833-b2cb-9b4e99b08d40, idFactura=FACTURA-12345
2026-04-06 09:51:02 - ID DUPLICADO: Duplicado detectado en BD. UUID=bc4b2d79-0f4b-4004-8aba-6fd4ad3ab4d0, idFactura=FACTURA-12345
2026-04-06 09:51:02 - ID DUPLICADO: Duplicado detectado en BD. UUID=4ca54ca3-cb1f-4bf6-bfff-f7b57d51a599, idFactura=FACTURA-12345
2026-04-06 09:51:02 - ID DUPLICADO: Duplicado detectado en BD. UUID=c837c18c-68ab-4d01-8a70-b604318704dc, idFactura=FACTURA-12345
2026-04-06 09:51:02 - ID DUPLICADO: Duplicado detectado en BD. UUID=14dffb0d-ce98-4445-baba-5907bdb3d059, idFactura=FACTURA-12345
2026-04-06 09:51:02 - ID DUPLICADO: Duplicado detectado en BD. UUID=626524d0-fe78-42db-960e-477cbc6961b7, idFactura=FACTURA-12345
2026-04-06 09:51:02 - ID DUPLICADO: Duplicado detectado en BD. UUID=a29af4db-7ab3-4136-b14a-0062a60e8efc, idFactura=FACTURA-12345
2026-04-06 09:51:02 - ID DUPLICADO: Duplicado detectado en BD. UUID=6dfc6117-e8c3-45b4-9e48-97eaa59aee57, idFactura=FACTURA-12345
2026-04-06 09:51:02 - ID DUPLICADO: Duplicado detectado en BD. UUID=c72682d4-dd66-48a6-a4c4-e4d461fd73cf, idFactura=FACTURA-12345
2026-04-06 09:51:02 - ID DUPLICADO: Duplicado detectado en BD. UUID=3c9f5111-2225-4355-8f00-1d7c9789663d, idFactura=FACTURA-12345
2026-04-06 09:51:02 - ID DUPLICADO: Duplicado detectado en BD. UUID=de379842-994a-41b1-affc-7e86b0ea0673, idFactura=FACTURA-12345
2026-04-06 09:51:02 - ID DUPLICADO: Duplicado detectado en BD. UUID=81b50338-b748-4cd7-90f5-cc16530a763e, idFactura=FACTURA-12345
2026-04-06 09:51:02 - ID DUPLICADO: Duplicado detectado en BD. UUID=18c999e1-eba2-464b-b442-ef46b6986355, idFactura=FACTURA-12345
2026-04-06 09:51:02 - ID DUPLICADO: Duplicado detectado en BD. UUID=be419352-60e8-49d2-a67b-d10dc722382b, idFactura=FACTURA-12345
2026-04-06 09:51:02 - ID DUPLICADO: Duplicado detectado en BD. UUID=b393af8a-038b-4245-a2d3-0d34c4782803, idFactura=FACTURA-12345
2026-04-06 09:51:02 - ID DUPLICADO: Duplicado detectado en BD. UUID=31fc0b25-64ae-4315-8691-55cd9567f313, idFactura=FACTURA-12345
2026-04-06 09:51:02 - ID DUPLICADO: Duplicado detectado en BD. UUID=c3376f96-c61c-466c-a013-fef03df63f70, idFactura=FACTURA-12345
2026-04-06 09:51:02 - ID DUPLICADO: Duplicado detectado en BD. UUID=e1fd1628-c9d5-49b1-8526-78f881082ee3, idFactura=FACTURA-12345
2026-04-06 09:51:02 - ID DUPLICADO: Duplicado detectado en BD. UUID=bd09a192-c230-4242-8587-acdd49a7a61f, idFactura=FACTURA-12345
2026-04-06 09:51:02 - ID DUPLICADO: Duplicado detectado en BD. UUID=f4351d0e-97d2-4fba-a460-0496de0338cb, idFactura=FACTURA-12345
2026-04-06 09:51:02 - ID DUPLICADO: Duplicado detectado en BD. UUID=45a94bd9-78c1-4e71-922f-82b9ed3f9d89, idFactura=FACTURA-12345
2026-04-06 09:51:02 - ID DUPLICADO: Duplicado detectado en BD. UUID=8f92787d-0b1e-47f7-853c-7e66b28ef156, idFactura=FACTURA-12345
2026-04-06 09:51:02 - ID DUPLICADO: Duplicado detectado en BD. UUID=14c7a051-aee8-4802-962d-4a8c9c9c29c3, idFactura=FACTURA-12345
2026-04-06 09:51:02 - ID DUPLICADO: Duplicado detectado en BD. UUID=f6f1a2b1-a3db-43b0-8d5a-6418021f732d, idFactura=FACTURA-12345
2026-04-06 09:51:02 - ID DUPLICADO: Duplicado detectado en BD. UUID=4e913019-7b1f-4b6a-b706-688450779eab, idFactura=FACTURA-12345
2026-04-06 09:51:02 - ID DUPLICADO: Duplicado detectado en BD. UUID=bab8400f-b83f-434a-8fa0-3c917ae02ab6, idFactura=FACTURA-12345
2026-04-06 09:51:02 - ID DUPLICADO: Duplicado detectado en BD. UUID=7102800d-6eb0-401a-a43e-03214acded0c, idFactura=FACTURA-12345
2026-04-06 09:51:02 - ID DUPLICADO: Duplicado detectado en BD. UUID=fd0fe0b8-8eba-4cee-aad4-68fc35f60573, idFactura=FACTURA-12345
2026-04-06 09:51:02 - ID DUPLICADO: Duplicado detectado en BD. UUID=8ccf9405-d213-4b29-ad3c-01c3683cc7ab, idFactura=FACTURA-12345
2026-04-06 09:51:02 - ID DUPLICADO: Duplicado detectado en BD. UUID=e645b031-b2da-4e1b-8b03-be882db468ac, idFactura=FACTURA-12345
2026-04-06 09:51:02 - ID DUPLICADO: Duplicado detectado en BD. UUID=c511bbbd-919c-4de5-9cd6-cad82e1d6087, idFactura=FACTURA-12345
2026-04-06 09:51:02 - ID DUPLICADO: Duplicado detectado en BD. UUID=acd4bd1d-d2f9-49c4-b6c0-8d7968b74c67, idFactura=FACTURA-12345
2026-04-06 09:51:02 - ID DUPLICADO: Duplicado detectado en BD. UUID=ccdc7c5f-218f-4da7-af3b-2298a8241615, idFactura=FACTURA-12345
2026-04-06 09:51:02 - ID DUPLICADO: Duplicado detectado en BD. UUID=de71a60a-e1c4-46b0-9dc0-507a1e07b77c, idFactura=FACTURA-12345
2026-04-06 09:51:02 - ID DUPLICADO: Duplicado detectado en BD. UUID=e7ff687d-3ede-4bb2-a37b-7344de3681a7, idFactura=FACTURA-12345
2026-04-06 09:51:02 - ID DUPLICADO: Duplicado detectado en BD. UUID=22c9c07a-caba-449b-b93b-8d55dc150acc, idFactura=FACTURA-12345
2026-04-06 09:51:02 - ID DUPLICADO: Duplicado detectado en BD. UUID=1721f8c9-bae6-4e7c-9871-aea43f2de25a, idFactura=FACTURA-12345
2026-04-06 09:51:02 - ID DUPLICADO: Duplicado detectado en BD. UUID=1d210729-2f82-461c-bc76-5443e6924197, idFactura=FACTURA-12345
2026-04-06 09:51:02 - ID DUPLICADO: Duplicado detectado en BD. UUID=b01e0e73-8622-44bb-9c1a-59eff6ad2f43, idFactura=FACTURA-12345
2026-04-06 09:51:02 - ID DUPLICADO: Duplicado detectado en BD. UUID=4acc14f3-8af1-4fce-905b-ed8af6dc5f4c, idFactura=FACTURA-12345
2026-04-06 09:51:02 - ID DUPLICADO: Duplicado detectado en BD. UUID=91cdadb0-b508-4a48-b497-80e9b10f1e8d, idFactura=FACTURA-12345
2026-04-06 09:51:02 - ID DUPLICADO: Duplicado detectado en BD. UUID=bd30b21d-9307-447b-8709-1455d3287f5e, idFactura=FACTURA-12345
2026-04-06 09:51:02 - ID DUPLICADO: Duplicado detectado en BD. UUID=ce6729b2-3f57-4641-8086-f2c97a915b51, idFactura=FACTURA-12345
2026-04-06 09:51:02 - ID DUPLICADO: Duplicado detectado en BD. UUID=7305a98a-4d7b-47ff-bcb2-55c9864479a3, idFactura=FACTURA-12345
2026-04-06 09:51:02 - ID DUPLICADO: Duplicado detectado en BD. UUID=80ef6a33-5b1c-405d-9fe1-3cc51a32a0f3, idFactura=FACTURA-12345
2026-04-06 09:51:02 - ID DUPLICADO: Duplicado detectado en BD. UUID=8c7249e9-5144-46f2-b80a-5cbc46ebcc3d, idFactura=FACTURA-12345
2026-04-06 09:51:02 - ID DUPLICADO: Duplicado detectado en BD. UUID=f5f15abf-d394-4ce3-b9de-c8d3aecfbb6f, idFactura=FACTURA-12345
2026-04-06 09:51:02 - ID DUPLICADO: Duplicado detectado en BD. UUID=7d40d31f-aa4f-4578-8ed4-8e21e9e3ddce, idFactura=FACTURA-12345
2026-04-06 09:51:02 - ID DUPLICADO: Duplicado detectado en BD. UUID=c377a896-dc56-4456-9397-d44b196ee969, idFactura=FACTURA-12345
2026-04-06 09:51:02 - ID DUPLICADO: Duplicado detectado en BD. UUID=903e8f4a-2985-4df5-9124-4614098162e4, idFactura=FACTURA-12345
2026-04-06 09:51:02 - ID DUPLICADO: Duplicado detectado en BD. UUID=fb3a1514-acf3-4ab6-aa92-8c528ee9ae10, idFactura=FACTURA-12345
2026-04-06 09:51:02 - ID DUPLICADO: Duplicado detectado en BD. UUID=55fc5fe9-68b6-4e48-97a6-4e6fa963e0ab, idFactura=FACTURA-12345
2026-04-06 09:51:02 - ID DUPLICADO: Duplicado detectado en BD. UUID=87a2ad3b-05c3-4983-9a67-235a10d85ecb, idFactura=FACTURA-12345
2026-04-06 09:51:02 - ID DUPLICADO: Duplicado detectado en BD. UUID=7e167f66-772a-4984-beb7-de8d7094fde7, idFactura=FACTURA-12345
2026-04-06 09:51:02 - ID DUPLICADO: Duplicado detectado en BD. UUID=9b8dbe62-5419-4ba4-8b50-12b2e7b1e016, idFactura=FACTURA-12345
2026-04-06 09:51:02 - ID DUPLICADO: Duplicado detectado en BD. UUID=9d132f91-b18a-4d8c-9255-1b5f838a8a3e, idFactura=FACTURA-12345
2026-04-06 09:51:02 - ID DUPLICADO: Duplicado detectado en BD. UUID=3c04c47f-4b1b-4e3f-a053-59108b8d9f21, idFactura=FACTURA-12345
2026-04-06 09:51:02 - ID DUPLICADO: Duplicado detectado en BD. UUID=40f9397b-5f79-4686-b78f-c6fc4073383d, idFactura=FACTURA-12345
2026-04-06 09:51:02 - ID DUPLICADO: Duplicado detectado en BD. UUID=5282c22f-7b2c-4cf5-927f-99466f792dd1, idFactura=FACTURA-12345
2026-04-06 09:51:02 - ID DUPLICADO: Duplicado detectado en BD. UUID=df9347cd-517b-4beb-8979-52974ab8379c, idFactura=FACTURA-12345
2026-04-06 09:51:02 - ID DUPLICADO: Duplicado detectado en BD. UUID=3b631885-8b26-4b1c-b4d1-ec2399341045, idFactura=FACTURA-12345
2026-04-06 09:51:02 - ID DUPLICADO: Duplicado detectado en BD. UUID=4139263a-b387-4de0-a7aa-b316c9ebee71, idFactura=FACTURA-12345
2026-04-06 09:51:02 - ID DUPLICADO: Duplicado detectado en BD. UUID=6b5b16fe-e78c-4ab0-b72e-87f914f51553, idFactura=FACTURA-12345
2026-04-06 09:51:02 - ID DUPLICADO: Duplicado detectado en BD. UUID=855571b1-39fc-4bb6-b946-07f14ff8e644, idFactura=FACTURA-12345
2026-04-06 09:51:02 - ID DUPLICADO: Duplicado detectado en BD. UUID=95fb7256-753f-458c-a292-64d4c5597f96, idFactura=FACTURA-12345
2026-04-06 09:51:02 - ID DUPLICADO: Duplicado detectado en BD. UUID=af783c0f-065f-432c-b81b-fa64c31a728b, idFactura=FACTURA-12345
2026-04-06 09:51:02 - ID DUPLICADO: Duplicado detectado en BD. UUID=28706dd8-0f01-4eef-9c6b-dbf2a0cc041e, idFactura=FACTURA-12345
2026-04-06 09:51:02 - ID DUPLICADO: Duplicado detectado en BD. UUID=454d5597-5ea2-42e7-8581-058059907e1d, idFactura=FACTURA-12345
2026-04-06 09:51:02 - ID DUPLICADO: Duplicado detectado en BD. UUID=e3517d1d-fe57-446b-812a-c5172cf11908, idFactura=FACTURA-12345
2026-04-06 09:51:02 - ID DUPLICADO: Duplicado detectado en BD. UUID=e8a38edb-e1dd-4b86-af85-1f3a059feb09, idFactura=FACTURA-12345
2026-04-06 09:51:02 - ID DUPLICADO: Duplicado detectado en BD. UUID=d37f4449-5c84-4ecc-a08e-e8c025f343e9, idFactura=FACTURA-12345
2026-04-06 09:51:02 - ID DUPLICADO: Duplicado detectado en BD. UUID=192a3ebc-0d47-45d5-9b69-cdb193dc98d3, idFactura=FACTURA-12345
2026-04-06 09:51:02 - ID DUPLICADO: Duplicado detectado en BD. UUID=d1910bc4-08de-4192-becd-4cb8819ebe75, idFactura=FACTURA-12345
2026-04-06 09:51:02 - ID DUPLICADO: Duplicado detectado en BD. UUID=a7f41a6c-b74b-4556-85ba-144cb6352474, idFactura=FACTURA-12345
2026-04-06 09:51:02 - ID DUPLICADO: Duplicado detectado en BD. UUID=0504ac93-baf0-4e63-bbfe-5dddf84372d9, idFactura=FACTURA-12345
2026-04-06 09:51:02 - ID DUPLICADO: Duplicado detectado en BD. UUID=91a2a024-32db-4117-a989-3426934595be, idFactura=FACTURA-12345
2026-04-06 09:51:02 - ID DUPLICADO: Duplicado detectado en BD. UUID=690dcd8e-75b9-41f7-8fc0-03e97341a22b, idFactura=FACTURA-12345
2026-04-06 09:51:02 - ID DUPLICADO: Duplicado detectado en BD. UUID=8fc2a2a8-fe93-4b7b-b76e-3e18c0256d66, idFactura=FACTURA-12345
2026-04-06 09:51:02 - ID DUPLICADO: Duplicado detectado en BD. UUID=457dc081-9ef9-4bbe-a385-2a1320929134, idFactura=FACTURA-12345
2026-04-06 09:51:02 - ID DUPLICADO: Duplicado detectado en BD. UUID=a24a281c-e63d-4f3c-9a8f-a20a724223d0, idFactura=FACTURA-12345
2026-04-06 09:51:02 - ID DUPLICADO: Duplicado detectado en BD. UUID=929b52bd-76e3-4942-919f-0a089c97885e, idFactura=FACTURA-12345
2026-04-06 09:51:02 - ID DUPLICADO: Duplicado detectado en BD. UUID=6a03a6d5-acc5-47b6-a36d-14e78c9a9288, idFactura=FACTURA-12345
2026-04-06 09:51:02 - ID DUPLICADO: Duplicado detectado en BD. UUID=72bab6b1-d90d-4051-86e0-e42ba1d8d69a, idFactura=FACTURA-12345
2026-04-06 09:51:02 - ID DUPLICADO: Duplicado detectado en BD. UUID=b670246a-149b-4bd8-958a-b5fb32109605, idFactura=FACTURA-12345
2026-04-06 09:51:02 - ID DUPLICADO: Duplicado detectado en BD. UUID=b1a74c9d-055c-47e4-a219-ebeaa2e0c8c7, idFactura=FACTURA-12345
2026-04-06 09:51:02 - ID DUPLICADO: Duplicado detectado en BD. UUID=2cc1b534-521f-456a-bf48-acfba1115197, idFactura=FACTURA-12345
2026-04-06 09:51:02 - ID DUPLICADO: Duplicado detectado en BD. UUID=d528eab9-018f-41c1-9662-7dd919c42717, idFactura=FACTURA-12345
2026-04-06 09:51:02 - ID DUPLICADO: Duplicado detectado en BD. UUID=297ea8a5-6b4e-4079-98b1-7f77944b856e, idFactura=FACTURA-12345
2026-04-06 09:51:02 - ID DUPLICADO: Duplicado detectado en BD. UUID=51061455-d577-4342-97ab-d4ebe6906f5b, idFactura=FACTURA-12345
2026-04-06 09:51:02 - ID DUPLICADO: Duplicado detectado en BD. UUID=5d6f762a-4fb8-469e-b04c-4a57a214ef12, idFactura=FACTURA-12345
2026-04-06 09:51:02 - ID DUPLICADO: Duplicado detectado en BD. UUID=816fef21-28ec-468b-adcc-132e63c3e55e, idFactura=FACTURA-12345
2026-04-06 09:51:02 - ID DUPLICADO: Duplicado detectado en BD. UUID=fe5858ca-23db-4a44-9945-a9e4c2026695, idFactura=FACTURA-12345
2026-04-06 09:51:02 - ID DUPLICADO: Duplicado detectado en BD. UUID=98948da1-0c5b-437f-9d19-e86e06053ec6, idFactura=FACTURA-12345
2026-04-06 09:51:02 - ID DUPLICADO: Duplicado detectado en BD. UUID=a0ed1c0a-d1c5-43cc-a30b-375f17c0af4e, idFactura=FACTURA-12345
2026-04-06 09:51:02 - ID DUPLICADO: Duplicado detectado en BD. UUID=a46fe9df-a62f-4a58-a7dc-daf60ec60d8f, idFactura=FACTURA-12345
2026-04-06 09:51:02 - ID DUPLICADO: Duplicado detectado en BD. UUID=0661de48-7bfe-42b0-805b-0952f77561c8, idFactura=FACTURA-12345
2026-04-06 09:51:02 - ID DUPLICADO: Duplicado detectado en BD. UUID=5b66dcca-fbbd-4b1e-b222-96ca81db4f47, idFactura=FACTURA-12345
2026-04-06 09:51:02 - ID DUPLICADO: Duplicado detectado en BD. UUID=a9c98dfd-f9db-4f3b-8502-bded40c2ac6e, idFactura=FACTURA-12345
2026-04-06 09:51:02 - ID DUPLICADO: Duplicado detectado en BD. UUID=224bf44d-daea-4306-a35e-1243eb0f0e10, idFactura=FACTURA-12345
2026-04-06 09:51:02 - ID DUPLICADO: Duplicado detectado en BD. UUID=b4600d5e-eee1-4fd8-9f27-6f1eb2eef509, idFactura=FACTURA-12345
2026-04-06 09:54:22 - ID DUPLICADO: Duplicado detectado en BD. UUID=7a6fafe4-054e-496c-a102-139849cf2eee, idFactura=FACTURA-12345
2026-04-06 09:54:22 - ID DUPLICADO: Duplicado detectado en BD. UUID=ead9907d-8e2e-4302-85f0-034cf0a326b7, idFactura=FACTURA-12345
2026-04-06 09:54:22 - ID DUPLICADO: Duplicado detectado en BD. UUID=87e33759-16ba-441f-888b-417cbc6895ce, idFactura=FACTURA-12345
2026-04-06 09:54:22 - ID DUPLICADO: Duplicado detectado en BD. UUID=5bdc0a9e-8a3a-440d-9d9c-003edeb94fca, idFactura=FACTURA-12345
2026-04-06 09:54:22 - ID DUPLICADO: Duplicado detectado en BD. UUID=d694e413-351d-4807-94d6-9de6396311c7, idFactura=FACTURA-12345
2026-04-06 09:54:22 - ID DUPLICADO: Duplicado detectado en BD. UUID=8ba35f46-182b-46f7-8745-9a45c18711d7, idFactura=FACTURA-12345
2026-04-06 09:54:22 - ID DUPLICADO: Duplicado detectado en BD. UUID=669af4a7-831b-4304-959c-dd8e81224e58, idFactura=FACTURA-12345
2026-04-06 09:54:22 - ID DUPLICADO: Duplicado detectado en BD. UUID=9b2d9269-1f16-448a-9a47-db72fb8cfd1d, idFactura=FACTURA-12345
2026-04-06 09:54:22 - ID DUPLICADO: Duplicado detectado en BD. UUID=ec882b51-d087-408e-8c5f-1b9ab5b45ff6, idFactura=FACTURA-12345
2026-04-06 09:54:22 - ID DUPLICADO: Duplicado detectado en BD. UUID=fefc35a5-b9ce-4814-ae47-11978edb7ed1, idFactura=FACTURA-12345
2026-04-06 09:54:22 - ID DUPLICADO: Duplicado detectado en BD. UUID=552b6cf2-546a-4908-8fc2-8395bb1ac917, idFactura=FACTURA-12345
2026-04-06 09:54:22 - ID DUPLICADO: Duplicado detectado en BD. UUID=b6fe3275-9996-4edd-80a8-bdcf23761576, idFactura=FACTURA-12345
2026-04-06 09:54:22 - ID DUPLICADO: Duplicado detectado en BD. UUID=1b02bf23-db17-4604-b70e-7d7344839b1a, idFactura=FACTURA-12345
2026-04-06 09:54:22 - ID DUPLICADO: Duplicado detectado en BD. UUID=511a552a-3434-496f-bb06-92d1f5ac19a7, idFactura=FACTURA-12345
2026-04-06 09:54:22 - ID DUPLICADO: Duplicado detectado en BD. UUID=0a941b94-a462-4139-886f-a3304800fc08, idFactura=FACTURA-12345
2026-04-06 09:54:22 - ID DUPLICADO: Duplicado detectado en BD. UUID=10ef8480-8931-4b61-b4ab-3961a5824a04, idFactura=FACTURA-12345
2026-04-06 09:54:22 - ID DUPLICADO: Duplicado detectado en BD. UUID=0e9305dc-4e1c-409e-a883-77c06d1a6ac7, idFactura=FACTURA-12345
2026-04-06 09:54:22 - ID DUPLICADO: Duplicado detectado en BD. UUID=5852e848-689b-4ec3-acfd-01193f0ca212, idFactura=FACTURA-12345
2026-04-06 09:54:22 - ID DUPLICADO: Duplicado detectado en BD. UUID=f300a6d5-efd3-4aa6-912b-30b5959e5236, idFactura=FACTURA-12345
2026-04-06 09:54:22 - ID DUPLICADO: Duplicado detectado en BD. UUID=489714c6-e3a3-4ac3-af26-e2a8fe2caf93, idFactura=FACTURA-12345
2026-04-06 09:54:22 - ID DUPLICADO: Duplicado detectado en BD. UUID=a26555ef-7cf7-4f44-82d6-4a2c93576359, idFactura=FACTURA-12345
2026-04-06 09:54:22 - ID DUPLICADO: Duplicado detectado en BD. UUID=a03dead0-b0e8-4ebe-a86f-1e8f1df8f55d, idFactura=FACTURA-12345
2026-04-06 09:54:22 - ID DUPLICADO: Duplicado detectado en BD. UUID=b44545ce-37ea-49fe-81cf-8e47de0f89e5, idFactura=FACTURA-12345
2026-04-06 09:54:22 - ID DUPLICADO: Duplicado detectado en BD. UUID=75100577-d1d1-4645-b008-0344f1de4054, idFactura=FACTURA-12345
2026-04-06 09:54:22 - ID DUPLICADO: Duplicado detectado en BD. UUID=b01afd1d-6cf4-440a-8513-977018235acf, idFactura=FACTURA-12345
2026-04-06 09:54:22 - ID DUPLICADO: Duplicado detectado en BD. UUID=c1383ef4-edca-4f4e-8ada-43c3a3e9650e, idFactura=FACTURA-12345
2026-04-06 09:54:22 - ID DUPLICADO: Duplicado detectado en BD. UUID=14515ae7-6cce-4468-81e1-d68fb87dba22, idFactura=FACTURA-12345
2026-04-06 09:54:22 - ID DUPLICADO: Duplicado detectado en BD. UUID=4abdc2b0-9095-4b8b-9b08-248f44c87995, idFactura=FACTURA-12345
2026-04-06 09:54:22 - ID DUPLICADO: Duplicado detectado en BD. UUID=a67a144b-1861-4baf-aad9-45b54c325454, idFactura=FACTURA-12345
2026-04-06 09:54:22 - ID DUPLICADO: Duplicado detectado en BD. UUID=a24de8ae-e70c-49f2-859d-3392b6aab0a4, idFactura=FACTURA-12345
2026-04-06 09:54:22 - ID DUPLICADO: Duplicado detectado en BD. UUID=a296aed0-c5eb-4c71-ab9a-f8f3f37c1334, idFactura=FACTURA-12345
2026-04-06 09:54:22 - ID DUPLICADO: Duplicado detectado en BD. UUID=160092e4-9efd-42e9-a133-d018ac229e64, idFactura=FACTURA-12345
2026-04-06 09:54:22 - ID DUPLICADO: Duplicado detectado en BD. UUID=9a6ed411-4ce7-4571-9897-373748507161, idFactura=FACTURA-12345
2026-04-06 09:54:22 - ID DUPLICADO: Duplicado detectado en BD. UUID=a10d1d2e-946e-49b2-bd81-55ee7ed777d8, idFactura=FACTURA-12345
2026-04-06 09:54:22 - ID DUPLICADO: Duplicado detectado en BD. UUID=ad4bf62e-80ed-441e-96e2-661d4d3414d2, idFactura=FACTURA-12345
2026-04-06 09:54:22 - ID DUPLICADO: Duplicado detectado en BD. UUID=b68e4cc2-3c96-41a7-a48f-fb9a5a3a0083, idFactura=FACTURA-12345
2026-04-06 09:54:22 - ID DUPLICADO: Duplicado detectado en BD. UUID=bc81c492-b8d4-4da1-ae27-0200ee9b8329, idFactura=FACTURA-12345
2026-04-06 09:54:22 - ID DUPLICADO: Duplicado detectado en BD. UUID=3ab5d6a1-bea5-4b84-bdda-62a6b22b33e4, idFactura=FACTURA-12345
2026-04-06 09:54:22 - ID DUPLICADO: Duplicado detectado en BD. UUID=7022dc83-2b32-41f2-9f1a-6b86541e49a8, idFactura=FACTURA-12345
2026-04-06 09:54:22 - ID DUPLICADO: Duplicado detectado en BD. UUID=03d2d62d-5369-4dca-a332-eb40b4a01b81, idFactura=FACTURA-12345
2026-04-06 09:54:22 - ID DUPLICADO: Duplicado detectado en BD. UUID=9bd8c11c-909b-45e1-a8a4-f2fd380d2ca9, idFactura=FACTURA-12345
2026-04-06 09:54:22 - ID DUPLICADO: Duplicado detectado en BD. UUID=7c98aa79-dd0d-49fb-9404-4a4d74edad5e, idFactura=FACTURA-12345
2026-04-06 09:54:22 - ID DUPLICADO: Duplicado detectado en BD. UUID=c7d87b07-e97a-4526-b5e4-5ec403048c99, idFactura=FACTURA-12345
2026-04-06 09:54:22 - ID DUPLICADO: Duplicado detectado en BD. UUID=3f5be507-83d2-44b5-a98e-96a9e3853b07, idFactura=FACTURA-12345
2026-04-06 09:54:22 - ID DUPLICADO: Duplicado detectado en BD. UUID=ee38c996-5dba-4e9a-b328-3b1735aa65f0, idFactura=FACTURA-12345
2026-04-06 09:54:22 - ID DUPLICADO: Duplicado detectado en BD. UUID=09c6ddfd-e783-4c4c-9c85-51f1b923e54d, idFactura=FACTURA-12345
2026-04-06 09:54:22 - ID DUPLICADO: Duplicado detectado en BD. UUID=cfeb6b5d-d681-4ccd-9ada-6be6b54083b2, idFactura=FACTURA-12345
2026-04-06 09:54:22 - ID DUPLICADO: Duplicado detectado en BD. UUID=e05f8692-0b53-4406-b24d-72b8cd657ca7, idFactura=FACTURA-12345
2026-04-06 09:54:22 - ID DUPLICADO: Duplicado detectado en BD. UUID=47bfe964-14ba-4ef5-8fd4-3e1a8d945dee, idFactura=FACTURA-12345
2026-04-06 09:54:22 - ID DUPLICADO: Duplicado detectado en BD. UUID=b3b082e8-4de5-488a-947b-dd33b25840d8, idFactura=FACTURA-12345
2026-04-06 09:54:22 - ID DUPLICADO: Duplicado detectado en BD. UUID=bc18e5cd-604b-4a77-b6ed-708e23575894, idFactura=FACTURA-12345
2026-04-06 09:54:22 - ID DUPLICADO: Duplicado detectado en BD. UUID=29e0f1c6-e32d-447b-b347-458514078dbd, idFactura=FACTURA-12345
2026-04-06 09:54:22 - ID DUPLICADO: Duplicado detectado en BD. UUID=3ad1f329-9ed7-4825-9d84-80b92b587967, idFactura=FACTURA-12345
2026-04-06 09:54:22 - ID DUPLICADO: Duplicado detectado en BD. UUID=e77031c3-b913-48b2-b981-b6aaf0cb4143, idFactura=FACTURA-12345
2026-04-06 09:54:22 - ID DUPLICADO: Duplicado detectado en BD. UUID=eed95d96-c086-4812-8320-f034e45246c9, idFactura=FACTURA-12345
2026-04-06 09:54:22 - ID DUPLICADO: Duplicado detectado en BD. UUID=26dbb68f-3c9a-4f57-870c-3328d10f9b19, idFactura=FACTURA-12345
2026-04-06 09:54:22 - ID DUPLICADO: Duplicado detectado en BD. UUID=95e8260e-ca4d-4f2a-b99f-9016da30a127, idFactura=FACTURA-12345
2026-04-06 09:54:22 - ID DUPLICADO: Duplicado detectado en BD. UUID=6279d683-3bd8-4ca1-8fec-494cdf4baf7c, idFactura=FACTURA-12345
2026-04-06 09:54:22 - ID DUPLICADO: Duplicado detectado en BD. UUID=bc45acf9-b2ae-4426-85a9-16d3920520df, idFactura=FACTURA-12345
2026-04-06 09:54:22 - ID DUPLICADO: Duplicado detectado en BD. UUID=e00949d9-cf34-4d3c-80a9-87e70e142468, idFactura=FACTURA-12345
2026-04-06 09:54:22 - ID DUPLICADO: Duplicado detectado en BD. UUID=0bb60219-353c-42e3-9312-d8f712fb8f02, idFactura=FACTURA-12345
2026-04-06 09:54:22 - ID DUPLICADO: Duplicado detectado en BD. UUID=c2ea9d24-c369-490b-8391-992103d716c2, idFactura=FACTURA-12345
2026-04-06 09:54:22 - ID DUPLICADO: Duplicado detectado en BD. UUID=55d8ae67-9d82-495f-93f5-162fefd892dd, idFactura=FACTURA-12345
2026-04-06 09:54:22 - ID DUPLICADO: Duplicado detectado en BD. UUID=36d56281-8ece-4d4c-8af8-335a5efedb8b, idFactura=FACTURA-12345
2026-04-06 09:54:22 - ID DUPLICADO: Duplicado detectado en BD. UUID=5d215f81-7414-43b7-9d61-87348210d295, idFactura=FACTURA-12345
2026-04-06 09:54:22 - ID DUPLICADO: Duplicado detectado en BD. UUID=d2a395c2-5554-411e-b567-dbdcc66adcc9, idFactura=FACTURA-12345
2026-04-06 09:54:22 - ID DUPLICADO: Duplicado detectado en BD. UUID=128433cd-b51a-4b69-bae9-d35aa2b759a4, idFactura=FACTURA-12345
2026-04-06 09:54:22 - ID DUPLICADO: Duplicado detectado en BD. UUID=d2fa7f2c-14c2-4d25-a7c0-9e36eb56f853, idFactura=FACTURA-12345
2026-04-06 09:54:22 - ID DUPLICADO: Duplicado detectado en BD. UUID=b130abea-7e12-42a2-830c-e521b38cb2e4, idFactura=FACTURA-12345
2026-04-06 09:54:22 - ID DUPLICADO: Duplicado detectado en BD. UUID=432be754-730a-45b5-b32b-d2f60dc2b45d, idFactura=FACTURA-12345
2026-04-06 09:54:22 - ID DUPLICADO: Duplicado detectado en BD. UUID=fe4b647b-59f0-43be-aecb-341fa01491ab, idFactura=FACTURA-12345
2026-04-06 09:54:22 - ID DUPLICADO: Duplicado detectado en BD. UUID=bf732ef6-331e-47f4-abdf-7fc59fcb21c3, idFactura=FACTURA-12345
2026-04-06 09:54:22 - ID DUPLICADO: Duplicado detectado en BD. UUID=6b9f80c9-6bac-46f4-9ab9-3fb684eef2a0, idFactura=FACTURA-12345
2026-04-06 09:54:22 - ID DUPLICADO: Duplicado detectado en BD. UUID=9d411b03-ad31-45ea-947b-ffb9fc2862bc, idFactura=FACTURA-12345
2026-04-06 09:54:22 - ID DUPLICADO: Duplicado detectado en BD. UUID=ef6db1d8-32ed-44f1-8e50-0c2e3da4f023, idFactura=FACTURA-12345
2026-04-06 09:54:22 - ID DUPLICADO: Duplicado detectado en BD. UUID=21f40296-253e-4a03-885c-7cdabc5902da, idFactura=FACTURA-12345
2026-04-06 09:54:22 - ID DUPLICADO: Duplicado detectado en BD. UUID=2d2c6b32-769c-4499-b6d9-adcccba292cf, idFactura=FACTURA-12345
2026-04-06 09:54:22 - ID DUPLICADO: Duplicado detectado en BD. UUID=3e838013-e6e5-473c-b490-40370379c1ec, idFactura=FACTURA-12345
2026-04-06 09:54:22 - ID DUPLICADO: Duplicado detectado en BD. UUID=76dd5d4b-29d5-4f83-bfab-ed010f31a368, idFactura=FACTURA-12345
2026-04-06 09:54:22 - ID DUPLICADO: Duplicado detectado en BD. UUID=2e81e40f-7d80-410d-8899-109af5aa3984, idFactura=FACTURA-12345
2026-04-06 09:54:22 - ID DUPLICADO: Duplicado detectado en BD. UUID=c5c06876-9ec9-484b-a337-afa8eddd59ae, idFactura=FACTURA-12345
2026-04-06 09:54:22 - ID DUPLICADO: Duplicado detectado en BD. UUID=dad63d93-290b-4d96-b7a3-3b76990c8328, idFactura=FACTURA-12345
2026-04-06 09:54:22 - ID DUPLICADO: Duplicado detectado en BD. UUID=e654958b-1412-4a0f-b006-008096402e1d, idFactura=FACTURA-12345
2026-04-06 09:54:22 - ID DUPLICADO: Duplicado detectado en BD. UUID=4e45f1ee-a70e-4d1c-8096-f67d77b8a07c, idFactura=FACTURA-12345
2026-04-06 09:54:22 - ID DUPLICADO: Duplicado detectado en BD. UUID=3b04d784-9fee-4983-aacb-3b1a580ae9a8, idFactura=FACTURA-12345
2026-04-06 09:54:22 - ID DUPLICADO: Duplicado detectado en BD. UUID=7a85aafc-35ae-43e5-ab20-20e421b46077, idFactura=FACTURA-12345
2026-04-06 09:54:22 - ID DUPLICADO: Duplicado detectado en BD. UUID=3522b2fb-a37a-4637-8f70-b342bc1094c6, idFactura=FACTURA-12345
2026-04-06 09:54:22 - ID DUPLICADO: Duplicado detectado en BD. UUID=fff9e638-e7a3-435b-b008-d2401fcc50cb, idFactura=FACTURA-12345
2026-04-06 09:54:22 - ID DUPLICADO: Duplicado detectado en BD. UUID=d737ccac-dcf8-4989-90a1-3fcf8dfc7b8e, idFactura=FACTURA-12345
2026-04-06 09:54:22 - ID DUPLICADO: Duplicado detectado en BD. UUID=d6a567d3-80c6-4779-8bc5-e24bcec6715c, idFactura=FACTURA-12345
2026-04-06 09:54:22 - ID DUPLICADO: Duplicado detectado en BD. UUID=7e025969-ef8b-4176-9607-428f69ca744e, idFactura=FACTURA-12345
2026-04-06 09:54:22 - ID DUPLICADO: Duplicado detectado en BD. UUID=8f7421de-c9a5-4f8b-a6c3-903b1338d991, idFactura=FACTURA-12345
2026-04-06 09:54:22 - ID DUPLICADO: Duplicado detectado en BD. UUID=4ec5a974-7d07-4e26-96f8-cac14868a4f9, idFactura=FACTURA-12345
2026-04-06 09:54:22 - ID DUPLICADO: Duplicado detectado en BD. UUID=bad6e87a-b273-42c1-905f-717758a33eed, idFactura=FACTURA-12345
2026-04-06 09:54:22 - ID DUPLICADO: Duplicado detectado en BD. UUID=e30b2cd1-3475-4773-8c92-366f948db170, idFactura=FACTURA-12345
2026-04-06 09:54:22 - ID DUPLICADO: Duplicado detectado en BD. UUID=191a21c5-e636-4d91-a2c2-cbd0f1353601, idFactura=FACTURA-12345
2026-04-06 09:54:22 - ID DUPLICADO: Duplicado detectado en BD. UUID=9c2710d6-1e68-4a66-ac67-512dd23387e3, idFactura=FACTURA-12345
2026-04-06 09:54:22 - ID DUPLICADO: Duplicado detectado en BD. UUID=1f83f67a-d1ea-476b-a715-2c935b93318c, idFactura=FACTURA-12345
2026-04-06 09:54:22 - ID DUPLICADO: Duplicado detectado en BD. UUID=2cf724a9-8c94-433b-b87c-87f4ee7036cb, idFactura=FACTURA-12345
2026-04-06 10:04:43 - ID DUPLICADO: Duplicado detectado en BD. UUID=2bf1fcf4-5973-497b-b91a-b8a025345c16, idFactura=FACTURA-12345
2026-04-06 10:04:43 - ID DUPLICADO: Duplicado detectado en BD. UUID=bc2462fe-803e-4d6b-94d4-2244faf2e40a, idFactura=FACTURA-12345
2026-04-06 10:04:43 - ID DUPLICADO: Duplicado detectado en BD. UUID=8dcc7fac-4298-40a8-8e2c-352794fce3df, idFactura=FACTURA-12345
2026-04-06 10:04:43 - ID DUPLICADO: Duplicado detectado en BD. UUID=37dcd317-45c7-4097-9dc0-4a868ef455ad, idFactura=FACTURA-12345
2026-04-06 10:04:43 - ID DUPLICADO: Duplicado detectado en BD. UUID=0c0ec998-4c14-496c-b0a8-d9897675f086, idFactura=FACTURA-12345
2026-04-06 10:04:43 - ID DUPLICADO: Duplicado detectado en BD. UUID=f4d16bae-e0d9-4b3c-8f11-5189339af7b3, idFactura=FACTURA-12345
2026-04-06 10:04:43 - ID DUPLICADO: Duplicado detectado en BD. UUID=3d801aad-f7ee-491b-8e59-d9521d7c6115, idFactura=FACTURA-12345
2026-04-06 10:04:43 - ID DUPLICADO: Duplicado detectado en BD. UUID=7060378d-c0e7-4dfd-ad07-fb3c34a6d00f, idFactura=FACTURA-12345
2026-04-06 10:04:43 - ID DUPLICADO: Duplicado detectado en BD. UUID=c9311be3-a64e-4c89-8c52-c58411be1719, idFactura=FACTURA-12345
2026-04-06 10:04:43 - ID DUPLICADO: Duplicado detectado en BD. UUID=a7da0712-b56f-4bab-8908-dc2bb991e325, idFactura=FACTURA-12345
2026-04-06 10:04:43 - ID DUPLICADO: Duplicado detectado en BD. UUID=9d4b1176-daa3-4ed1-8423-fdf95fd298db, idFactura=FACTURA-12345
2026-04-06 10:04:43 - ID DUPLICADO: Duplicado detectado en BD. UUID=ce483626-1dea-4aa9-9849-af60d3d2b8ac, idFactura=FACTURA-12345
2026-04-06 10:04:43 - ID DUPLICADO: Duplicado detectado en BD. UUID=7a46d522-6869-4cf5-8445-b7744c7238ed, idFactura=FACTURA-12345
2026-04-06 10:04:43 - ID DUPLICADO: Duplicado detectado en BD. UUID=543bcbff-f9bb-43c7-9cfc-8cdc45734c04, idFactura=FACTURA-12345
2026-04-06 10:04:43 - ID DUPLICADO: Duplicado detectado en BD. UUID=baff1b0a-7d84-4fff-a712-45421491beac, idFactura=FACTURA-12345
2026-04-06 10:04:43 - ID DUPLICADO: Duplicado detectado en BD. UUID=b4db713b-53d0-41d7-adaa-243d64e36e9e, idFactura=FACTURA-12345
2026-04-06 10:04:43 - ID DUPLICADO: Duplicado detectado en BD. UUID=7bc403f2-d4d3-4c77-a2cc-541b31993d00, idFactura=FACTURA-12345
2026-04-06 10:04:43 - ID DUPLICADO: Duplicado detectado en BD. UUID=41ee027e-bfb2-4668-a614-4c3af610e6b3, idFactura=FACTURA-12345
2026-04-06 10:04:43 - ID DUPLICADO: Duplicado detectado en BD. UUID=d946bd15-eea3-4621-8b15-753738613348, idFactura=FACTURA-12345
2026-04-06 10:04:43 - ID DUPLICADO: Duplicado detectado en BD. UUID=0680a7e2-3113-4300-9d0f-5e3e2ac2e69b, idFactura=FACTURA-12345
2026-04-06 10:04:43 - ID DUPLICADO: Duplicado detectado en BD. UUID=c5b94272-9e99-482c-b25a-b95f1b8f0efc, idFactura=FACTURA-12345
2026-04-06 10:04:43 - ID DUPLICADO: Duplicado detectado en BD. UUID=7ff5c090-1dfb-4e24-9474-7aa7a7980a33, idFactura=FACTURA-12345
2026-04-06 10:04:43 - ID DUPLICADO: Duplicado detectado en BD. UUID=8a6df926-88f7-43e2-b563-8ef534c19d7f, idFactura=FACTURA-12345
2026-04-06 10:04:43 - ID DUPLICADO: Duplicado detectado en BD. UUID=0827593d-68a9-4b18-a4da-04076b725dfd, idFactura=FACTURA-12345
2026-04-06 10:04:43 - ID DUPLICADO: Duplicado detectado en BD. UUID=605f5471-eac8-49a2-b7e4-64f0b904f6b9, idFactura=FACTURA-12345
2026-04-06 10:04:43 - ID DUPLICADO: Duplicado detectado en BD. UUID=cae33c4b-47a2-4675-9bcf-7c5a1708c5f0, idFactura=FACTURA-12345
2026-04-06 10:04:43 - ID DUPLICADO: Duplicado detectado en BD. UUID=16e0ff65-a125-4175-ab6b-91ccee068eec, idFactura=FACTURA-12345
2026-04-06 10:04:43 - ID DUPLICADO: Duplicado detectado en BD. UUID=9553131f-8942-4902-9147-3b9abf20c7b7, idFactura=FACTURA-12345
2026-04-06 10:04:43 - ID DUPLICADO: Duplicado detectado en BD. UUID=cd638f09-613a-40a6-a8f9-54c67eed8a57, idFactura=FACTURA-12345
2026-04-06 10:04:43 - ID DUPLICADO: Duplicado detectado en BD. UUID=ab5a7b2d-47a8-43fa-b106-290cba27ada7, idFactura=FACTURA-12345
2026-04-06 10:04:43 - ID DUPLICADO: Duplicado detectado en BD. UUID=fb5bfad4-b968-4374-ba36-6be16d242eed, idFactura=FACTURA-12345
2026-04-06 10:04:43 - ID DUPLICADO: Duplicado detectado en BD. UUID=18bc9627-1688-4079-9285-63a397639cdd, idFactura=FACTURA-12345
2026-04-06 10:04:43 - ID DUPLICADO: Duplicado detectado en BD. UUID=9f441874-a28f-4320-9ea5-530500607a6f, idFactura=FACTURA-12345
2026-04-06 10:04:43 - ID DUPLICADO: Duplicado detectado en BD. UUID=0909e8c9-c3f0-48c9-9fb6-daf3be010f90, idFactura=FACTURA-12345
2026-04-06 10:04:43 - ID DUPLICADO: Duplicado detectado en BD. UUID=f3772e7a-9239-4e3b-84a1-6587bb946783, idFactura=FACTURA-12345
2026-04-06 10:04:43 - ID DUPLICADO: Duplicado detectado en BD. UUID=571cdd7c-2d14-479f-9f87-8cac940863b3, idFactura=FACTURA-12345
2026-04-06 10:04:43 - ID DUPLICADO: Duplicado detectado en BD. UUID=19aad457-e82f-4d82-9dbf-ddda0edf48ef, idFactura=FACTURA-12345
2026-04-06 10:04:43 - ID DUPLICADO: Duplicado detectado en BD. UUID=cc611754-d0ff-4d30-aeae-f3f114091d5b, idFactura=FACTURA-12345
2026-04-06 10:04:43 - ID DUPLICADO: Duplicado detectado en BD. UUID=2a8ed2f2-5bf6-44cc-a432-d7a451e58df1, idFactura=FACTURA-12345
2026-04-06 10:04:43 - ID DUPLICADO: Duplicado detectado en BD. UUID=ba16518c-46d8-42b3-adcb-5a1eaafd90ac, idFactura=FACTURA-12345
2026-04-06 10:04:43 - ID DUPLICADO: Duplicado detectado en BD. UUID=35515015-0e86-41c1-b185-b820f3182a9e, idFactura=FACTURA-12345
2026-04-06 10:04:43 - ID DUPLICADO: Duplicado detectado en BD. UUID=a2439537-a0fc-4c66-a260-81167f54f7fd, idFactura=FACTURA-12345
2026-04-06 10:04:43 - ID DUPLICADO: Duplicado detectado en BD. UUID=1e200287-dc21-445d-bbfd-88e7a4026c4e, idFactura=FACTURA-12345
2026-04-06 10:04:43 - ID DUPLICADO: Duplicado detectado en BD. UUID=cc3b7d47-5913-40a3-aa89-fa5eccb1ea7a, idFactura=FACTURA-12345
2026-04-06 10:04:43 - ID DUPLICADO: Duplicado detectado en BD. UUID=51653077-959b-456f-92dd-24f6b1c8c0d6, idFactura=FACTURA-12345
2026-04-06 10:04:43 - ID DUPLICADO: Duplicado detectado en BD. UUID=7721d13a-dce4-40b7-9735-8894f8db8a94, idFactura=FACTURA-12345
2026-04-06 10:04:43 - ID DUPLICADO: Duplicado detectado en BD. UUID=e6bbc22e-c5cc-468e-a30c-da95486d8f63, idFactura=FACTURA-12345
2026-04-06 10:04:43 - ID DUPLICADO: Duplicado detectado en BD. UUID=157e9056-4923-497e-8a6f-661d9eeb9a07, idFactura=FACTURA-12345
2026-04-06 10:04:43 - ID DUPLICADO: Duplicado detectado en BD. UUID=d5cd56a0-0dc1-4594-8e78-3f74b044e29f, idFactura=FACTURA-12345
2026-04-06 10:04:43 - ID DUPLICADO: Duplicado detectado en BD. UUID=d5d004fa-1263-4c79-adfc-bb4ac4899895, idFactura=FACTURA-12345
2026-04-06 10:04:43 - ID DUPLICADO: Duplicado detectado en BD. UUID=5d25dcf6-9007-4e0a-abe9-0c5ce99459cd, idFactura=FACTURA-12345
2026-04-06 10:04:43 - ID DUPLICADO: Duplicado detectado en BD. UUID=0654742b-e68b-40dd-ac45-d1ba88cff307, idFactura=FACTURA-12345
2026-04-06 10:04:43 - ID DUPLICADO: Duplicado detectado en BD. UUID=1773839e-5a95-4d2b-9ba0-855e3158cf00, idFactura=FACTURA-12345
2026-04-06 10:04:43 - ID DUPLICADO: Duplicado detectado en BD. UUID=4da3e6e3-9f63-4a83-af9b-de6ce7cfd969, idFactura=FACTURA-12345
2026-04-06 10:04:43 - ID DUPLICADO: Duplicado detectado en BD. UUID=b36be969-a434-4da5-bfd4-e0217c527183, idFactura=FACTURA-12345
2026-04-06 10:04:43 - ID DUPLICADO: Duplicado detectado en BD. UUID=1ef2c1b2-cd56-40cb-8766-759897de463f, idFactura=FACTURA-12345
2026-04-06 10:04:43 - ID DUPLICADO: Duplicado detectado en BD. UUID=5543cf31-d759-4c74-bcdc-9f4de9aec0b1, idFactura=FACTURA-12345
2026-04-06 10:04:43 - ID DUPLICADO: Duplicado detectado en BD. UUID=2f327baa-45f2-4c4b-b060-a1b994a8dbba, idFactura=FACTURA-12345
2026-04-06 10:04:43 - ID DUPLICADO: Duplicado detectado en BD. UUID=4189edd7-d3d3-4c92-9064-59a88585e7f8, idFactura=FACTURA-12345
2026-04-06 10:04:43 - ID DUPLICADO: Duplicado detectado en BD. UUID=a11567c8-4d17-4c78-857f-ee8ab7b6a809, idFactura=FACTURA-12345
2026-04-06 10:04:43 - ID DUPLICADO: Duplicado detectado en BD. UUID=400ba99a-d105-444e-9db7-08663b686dbf, idFactura=FACTURA-12345
2026-04-06 10:04:43 - ID DUPLICADO: Duplicado detectado en BD. UUID=69738dc3-49dd-42d6-b908-3cb3abbbcf38, idFactura=FACTURA-12345
2026-04-06 10:04:43 - ID DUPLICADO: Duplicado detectado en BD. UUID=95e45788-678a-4f86-83ee-37f9e513c908, idFactura=FACTURA-12345
2026-04-06 10:04:43 - ID DUPLICADO: Duplicado detectado en BD. UUID=773aab1e-9b78-46ab-a48b-a1625a417a8a, idFactura=FACTURA-12345
2026-04-06 10:04:43 - ID DUPLICADO: Duplicado detectado en BD. UUID=861a5c77-9eb2-4656-a189-f7a06bb7ba8c, idFactura=FACTURA-12345
2026-04-06 10:04:43 - ID DUPLICADO: Duplicado detectado en BD. UUID=07ba567e-7ca5-4f30-a432-575ddebc01b5, idFactura=FACTURA-12345
2026-04-06 10:04:43 - ID DUPLICADO: Duplicado detectado en BD. UUID=0ae8d78f-b927-4ad0-b8d0-b992b3c4f8b8, idFactura=FACTURA-12345
2026-04-06 10:04:43 - ID DUPLICADO: Duplicado detectado en BD. UUID=25a74e72-18c5-486f-8d80-a1d30dc88493, idFactura=FACTURA-12345
2026-04-06 10:04:43 - ID DUPLICADO: Duplicado detectado en BD. UUID=f8bb0b36-5a3a-4ef4-bfcb-64fe481effcc, idFactura=FACTURA-12345
2026-04-06 10:04:43 - ID DUPLICADO: Duplicado detectado en BD. UUID=0a556025-2ddb-4975-8a55-b168c60a2b9c, idFactura=FACTURA-12345
2026-04-06 10:04:43 - ID DUPLICADO: Duplicado detectado en BD. UUID=d89ef85a-83a9-4415-b48f-c08657c11455, idFactura=FACTURA-12345
2026-04-06 10:04:43 - ID DUPLICADO: Duplicado detectado en BD. UUID=039fe720-cec2-4c48-bafa-ce615df17ca2, idFactura=FACTURA-12345
2026-04-06 10:04:43 - ID DUPLICADO: Duplicado detectado en BD. UUID=c6ea8e52-c7d7-4d27-b6e7-d6dd43b57e27, idFactura=FACTURA-12345
2026-04-06 10:04:43 - ID DUPLICADO: Duplicado detectado en BD. UUID=e80ae38f-ec5e-463d-9781-02365df19a19, idFactura=FACTURA-12345
2026-04-06 10:04:43 - ID DUPLICADO: Duplicado detectado en BD. UUID=ce6544c7-933b-4a2d-9d91-5c84e579d0c5, idFactura=FACTURA-12345
2026-04-06 10:04:43 - ID DUPLICADO: Duplicado detectado en BD. UUID=e9e15ea4-ea65-4bd5-a387-4ca98e77ac4b, idFactura=FACTURA-12345
2026-04-06 10:04:43 - ID DUPLICADO: Duplicado detectado en BD. UUID=0ab67bd0-1829-45d4-b9ef-1c0d3251c0f8, idFactura=FACTURA-12345
2026-04-06 10:04:43 - ID DUPLICADO: Duplicado detectado en BD. UUID=5c8407eb-b05e-429f-a81e-9d210b57bdbe, idFactura=FACTURA-12345
2026-04-06 10:04:43 - ID DUPLICADO: Duplicado detectado en BD. UUID=46b544e7-7df0-4f50-ac37-0da641a4bdda, idFactura=FACTURA-12345
2026-04-06 10:04:43 - ID DUPLICADO: Duplicado detectado en BD. UUID=26c9c9ef-d29e-40ef-a4c0-a65ea2ba7af4, idFactura=FACTURA-12345
2026-04-06 10:04:43 - ID DUPLICADO: Duplicado detectado en BD. UUID=e5c1c597-90c8-40fe-b4b8-74f8a057ef46, idFactura=FACTURA-12345
2026-04-06 10:04:43 - ID DUPLICADO: Duplicado detectado en BD. UUID=fce27a74-9745-4110-b639-ab6d7cc8817b, idFactura=FACTURA-12345
2026-04-06 10:04:43 - ID DUPLICADO: Duplicado detectado en BD. UUID=90a91003-faab-4507-91d9-5b1291b83d40, idFactura=FACTURA-12345
2026-04-06 10:04:43 - ID DUPLICADO: Duplicado detectado en BD. UUID=59010bd1-05cb-462a-a12b-b2c3349ae363, idFactura=FACTURA-12345
2026-04-06 10:04:43 - ID DUPLICADO: Duplicado detectado en BD. UUID=011ade53-6264-40f5-8e34-fa58e3a415ed, idFactura=FACTURA-12345
2026-04-06 10:04:43 - ID DUPLICADO: Duplicado detectado en BD. UUID=b5932773-2cc9-4f91-abf1-b23d9371797a, idFactura=FACTURA-12345
2026-04-06 10:04:43 - ID DUPLICADO: Duplicado detectado en BD. UUID=b32c21fc-11c5-4ba5-b8ca-c6afce2eb58a, idFactura=FACTURA-12345
2026-04-06 10:04:43 - ID DUPLICADO: Duplicado detectado en BD. UUID=403c16a1-2d7d-4776-a7b2-3c155d3c2d7e, idFactura=FACTURA-12345
2026-04-06 10:04:43 - ID DUPLICADO: Duplicado detectado en BD. UUID=dbe36ca9-df77-431a-94fd-9b0ab0d91b92, idFactura=FACTURA-12345
2026-04-06 10:04:43 - ID DUPLICADO: Duplicado detectado en BD. UUID=68bf6b04-54d2-4336-82ce-4e3729571f12, idFactura=FACTURA-12345
2026-04-06 10:04:43 - ID DUPLICADO: Duplicado detectado en BD. UUID=153352f4-a592-4e37-a0c3-c69bb52a07c4, idFactura=FACTURA-12345
2026-04-06 10:04:43 - ID DUPLICADO: Duplicado detectado en BD. UUID=a0e6a937-93cd-41a9-af69-c9dda5609119, idFactura=FACTURA-12345
2026-04-06 10:04:43 - ID DUPLICADO: Duplicado detectado en BD. UUID=8e3b85b3-e1bf-42fb-841f-50254c2d0b02, idFactura=FACTURA-12345
2026-04-06 10:04:43 - ID DUPLICADO: Duplicado detectado en BD. UUID=86ec3a64-af1b-4e11-8428-17e7ebacf37d, idFactura=FACTURA-12345
2026-04-06 10:04:43 - ID DUPLICADO: Duplicado detectado en BD. UUID=3047d163-5d38-4984-8889-711aab05dde2, idFactura=FACTURA-12345
2026-04-06 10:04:43 - ID DUPLICADO: Duplicado detectado en BD. UUID=6eca5888-ef4a-438c-809f-06a63e36324a, idFactura=FACTURA-12345
2026-04-06 10:04:43 - ID DUPLICADO: Duplicado detectado en BD. UUID=fffd88f5-086c-4b3b-81de-e633b98f4550, idFactura=FACTURA-12345
2026-04-06 10:04:43 - ID DUPLICADO: Duplicado detectado en BD. UUID=6d96a6b4-b513-4248-91f0-3aa1c2bc9ca2, idFactura=FACTURA-12345
2026-04-06 10:04:43 - ID DUPLICADO: Duplicado detectado en BD. UUID=5118315a-3446-48ee-8ae7-95e003ca375b, idFactura=FACTURA-12345
2026-04-06 10:08:14 - ID DUPLICADO: Duplicado detectado en BD. UUID=4114c219-9375-4b8f-b8d7-a5c3f59d34d8, idFactura=FAC-455388
2026-04-06 10:08:14 - ID DUPLICADO: Duplicado detectado en BD. UUID=4114c219-9375-4b8f-b8d7-a5c3f59d34d8, idFactura=FAC-492808
2026-04-06 10:08:14 - ID DUPLICADO: Duplicado detectado en BD. UUID=4114c219-9375-4b8f-b8d7-a5c3f59d34d8, idFactura=FAC-165293
2026-04-06 10:08:14 - ID DUPLICADO: Duplicado detectado en BD. UUID=4114c219-9375-4b8f-b8d7-a5c3f59d34d8, idFactura=FAC-230944
2026-04-06 10:08:14 - ID DUPLICADO: Duplicado detectado en BD. UUID=4114c219-9375-4b8f-b8d7-a5c3f59d34d8, idFactura=FAC-11143
2026-04-06 10:08:14 - ID DUPLICADO: Duplicado detectado en BD. UUID=4114c219-9375-4b8f-b8d7-a5c3f59d34d8, idFactura=FAC-220222
2026-04-06 10:08:14 - ID DUPLICADO: Duplicado detectado en BD. UUID=4114c219-9375-4b8f-b8d7-a5c3f59d34d8, idFactura=FAC-222692
2026-04-06 10:08:14 - ID DUPLICADO: Duplicado detectado en BD. UUID=4114c219-9375-4b8f-b8d7-a5c3f59d34d8, idFactura=FAC-508294
2026-04-06 10:08:14 - ID DUPLICADO: Duplicado detectado en BD. UUID=4114c219-9375-4b8f-b8d7-a5c3f59d34d8, idFactura=FAC-868458
2026-04-06 10:08:14 - ID DUPLICADO: Duplicado detectado en BD. UUID=4114c219-9375-4b8f-b8d7-a5c3f59d34d8, idFactura=FAC-107494
2026-04-06 10:08:14 - ID DUPLICADO: Duplicado detectado en BD. UUID=4114c219-9375-4b8f-b8d7-a5c3f59d34d8, idFactura=FAC-71380
2026-04-06 10:08:14 - ID DUPLICADO: Duplicado detectado en BD. UUID=4114c219-9375-4b8f-b8d7-a5c3f59d34d8, idFactura=FAC-706311
2026-04-06 10:08:14 - ID DUPLICADO: Duplicado detectado en BD. UUID=4114c219-9375-4b8f-b8d7-a5c3f59d34d8, idFactura=FAC-715741
2026-04-06 10:08:14 - ID DUPLICADO: Duplicado detectado en BD. UUID=4114c219-9375-4b8f-b8d7-a5c3f59d34d8, idFactura=FAC-770255
2026-04-06 10:08:14 - ID DUPLICADO: Duplicado detectado en BD. UUID=4114c219-9375-4b8f-b8d7-a5c3f59d34d8, idFactura=FAC-648357
2026-04-06 10:08:14 - ID DUPLICADO: Duplicado detectado en BD. UUID=4114c219-9375-4b8f-b8d7-a5c3f59d34d8, idFactura=FAC-537684
2026-04-06 10:08:14 - ID DUPLICADO: Duplicado detectado en BD. UUID=4114c219-9375-4b8f-b8d7-a5c3f59d34d8, idFactura=FAC-57459
2026-04-06 10:08:14 - ID DUPLICADO: Duplicado detectado en BD. UUID=4114c219-9375-4b8f-b8d7-a5c3f59d34d8, idFactura=FAC-394163
2026-04-06 10:08:14 - ID DUPLICADO: Duplicado detectado en BD. UUID=4114c219-9375-4b8f-b8d7-a5c3f59d34d8, idFactura=FAC-980040
2026-04-06 10:08:14 - ID DUPLICADO: Duplicado detectado en BD. UUID=4114c219-9375-4b8f-b8d7-a5c3f59d34d8, idFactura=FAC-254053
2026-04-06 10:08:14 - ID DUPLICADO: Duplicado detectado en BD. UUID=4114c219-9375-4b8f-b8d7-a5c3f59d34d8, idFactura=FAC-394357
2026-04-06 10:08:14 - ID DUPLICADO: Duplicado detectado en BD. UUID=4114c219-9375-4b8f-b8d7-a5c3f59d34d8, idFactura=FAC-67176
2026-04-06 10:08:14 - ID DUPLICADO: Duplicado detectado en BD. UUID=4114c219-9375-4b8f-b8d7-a5c3f59d34d8, idFactura=FAC-405874
2026-04-06 10:08:14 - ID DUPLICADO: Duplicado detectado en BD. UUID=4114c219-9375-4b8f-b8d7-a5c3f59d34d8, idFactura=FAC-589098
2026-04-06 10:08:14 - ID DUPLICADO: Duplicado detectado en BD. UUID=4114c219-9375-4b8f-b8d7-a5c3f59d34d8, idFactura=FAC-970408
2026-04-06 10:08:14 - ID DUPLICADO: Duplicado detectado en BD. UUID=4114c219-9375-4b8f-b8d7-a5c3f59d34d8, idFactura=FAC-339979
2026-04-06 10:08:14 - ID DUPLICADO: Duplicado detectado en BD. UUID=4114c219-9375-4b8f-b8d7-a5c3f59d34d8, idFactura=FAC-6147
2026-04-06 10:08:14 - ID DUPLICADO: Duplicado detectado en BD. UUID=4114c219-9375-4b8f-b8d7-a5c3f59d34d8, idFactura=FAC-802499
2026-04-06 10:08:14 - ID DUPLICADO: Duplicado detectado en BD. UUID=4114c219-9375-4b8f-b8d7-a5c3f59d34d8, idFactura=FAC-123099
2026-04-06 10:08:14 - ID DUPLICADO: Duplicado detectado en BD. UUID=4114c219-9375-4b8f-b8d7-a5c3f59d34d8, idFactura=FAC-997277
2026-04-06 10:08:14 - ID DUPLICADO: Duplicado detectado en BD. UUID=4114c219-9375-4b8f-b8d7-a5c3f59d34d8, idFactura=FAC-364733
2026-04-06 10:08:14 - ID DUPLICADO: Duplicado detectado en BD. UUID=4114c219-9375-4b8f-b8d7-a5c3f59d34d8, idFactura=FAC-930613
2026-04-06 10:08:14 - ID DUPLICADO: Duplicado detectado en BD. UUID=4114c219-9375-4b8f-b8d7-a5c3f59d34d8, idFactura=FAC-778783
2026-04-06 10:08:14 - ID DUPLICADO: Duplicado detectado en BD. UUID=4114c219-9375-4b8f-b8d7-a5c3f59d34d8, idFactura=FAC-277523
2026-04-06 10:08:14 - ID DUPLICADO: Duplicado detectado en BD. UUID=4114c219-9375-4b8f-b8d7-a5c3f59d34d8, idFactura=FAC-281778
2026-04-06 10:08:14 - ID DUPLICADO: Duplicado detectado en BD. UUID=4114c219-9375-4b8f-b8d7-a5c3f59d34d8, idFactura=FAC-463282
2026-04-06 10:08:14 - ID DUPLICADO: Duplicado detectado en BD. UUID=4114c219-9375-4b8f-b8d7-a5c3f59d34d8, idFactura=FAC-731010
2026-04-06 10:08:14 - ID DUPLICADO: Duplicado detectado en BD. UUID=4114c219-9375-4b8f-b8d7-a5c3f59d34d8, idFactura=FAC-930288
2026-04-06 10:08:14 - ID DUPLICADO: Duplicado detectado en BD. UUID=4114c219-9375-4b8f-b8d7-a5c3f59d34d8, idFactura=FAC-638766
2026-04-06 10:08:14 - ID DUPLICADO: Duplicado detectado en BD. UUID=4114c219-9375-4b8f-b8d7-a5c3f59d34d8, idFactura=FAC-158775
2026-04-06 10:08:14 - ID DUPLICADO: Duplicado detectado en BD. UUID=4114c219-9375-4b8f-b8d7-a5c3f59d34d8, idFactura=FAC-388460
2026-04-06 10:08:14 - ID DUPLICADO: Duplicado detectado en BD. UUID=4114c219-9375-4b8f-b8d7-a5c3f59d34d8, idFactura=FAC-750375
2026-04-06 10:08:14 - ID DUPLICADO: Duplicado detectado en BD. UUID=4114c219-9375-4b8f-b8d7-a5c3f59d34d8, idFactura=FAC-168431
2026-04-06 10:08:14 - ID DUPLICADO: Duplicado detectado en BD. UUID=4114c219-9375-4b8f-b8d7-a5c3f59d34d8, idFactura=FAC-588213
2026-04-06 10:08:14 - ID DUPLICADO: Duplicado detectado en BD. UUID=4114c219-9375-4b8f-b8d7-a5c3f59d34d8, idFactura=FAC-358155
2026-04-06 10:08:14 - ID DUPLICADO: Duplicado detectado en BD. UUID=4114c219-9375-4b8f-b8d7-a5c3f59d34d8, idFactura=FAC-309471
2026-04-06 10:08:14 - ID DUPLICADO: Duplicado detectado en BD. UUID=4114c219-9375-4b8f-b8d7-a5c3f59d34d8, idFactura=FAC-379026
2026-04-06 10:08:14 - ID DUPLICADO: Duplicado detectado en BD. UUID=4114c219-9375-4b8f-b8d7-a5c3f59d34d8, idFactura=FAC-86869
2026-04-06 10:08:14 - ID DUPLICADO: Duplicado detectado en BD. UUID=4114c219-9375-4b8f-b8d7-a5c3f59d34d8, idFactura=FAC-768961
2026-04-06 10:08:14 - ID DUPLICADO: Duplicado detectado en BD. UUID=4114c219-9375-4b8f-b8d7-a5c3f59d34d8, idFactura=FAC-615535
2026-04-06 10:08:14 - ID DUPLICADO: Duplicado detectado en BD. UUID=4114c219-9375-4b8f-b8d7-a5c3f59d34d8, idFactura=FAC-657698
2026-04-06 10:08:14 - ID DUPLICADO: Duplicado detectado en BD. UUID=4114c219-9375-4b8f-b8d7-a5c3f59d34d8, idFactura=FAC-401455
2026-04-06 10:08:14 - ID DUPLICADO: Duplicado detectado en BD. UUID=4114c219-9375-4b8f-b8d7-a5c3f59d34d8, idFactura=FAC-274231
2026-04-06 10:08:14 - ID DUPLICADO: Duplicado detectado en BD. UUID=4114c219-9375-4b8f-b8d7-a5c3f59d34d8, idFactura=FAC-207692
2026-04-06 10:08:14 - ID DUPLICADO: Duplicado detectado en BD. UUID=4114c219-9375-4b8f-b8d7-a5c3f59d34d8, idFactura=FAC-628102
2026-04-06 10:08:14 - ID DUPLICADO: Duplicado detectado en BD. UUID=4114c219-9375-4b8f-b8d7-a5c3f59d34d8, idFactura=FAC-24023
2026-04-06 10:08:14 - ID DUPLICADO: Duplicado detectado en BD. UUID=4114c219-9375-4b8f-b8d7-a5c3f59d34d8, idFactura=FAC-609680
2026-04-06 10:08:14 - ID DUPLICADO: Duplicado detectado en BD. UUID=4114c219-9375-4b8f-b8d7-a5c3f59d34d8, idFactura=FAC-444965
2026-04-06 10:08:14 - ID DUPLICADO: Duplicado detectado en BD. UUID=4114c219-9375-4b8f-b8d7-a5c3f59d34d8, idFactura=FAC-220006
2026-04-06 10:08:14 - ID DUPLICADO: Duplicado detectado en BD. UUID=4114c219-9375-4b8f-b8d7-a5c3f59d34d8, idFactura=FAC-341475
2026-04-06 10:08:14 - ID DUPLICADO: Duplicado detectado en BD. UUID=4114c219-9375-4b8f-b8d7-a5c3f59d34d8, idFactura=FAC-448154
2026-04-06 10:08:14 - ID DUPLICADO: Duplicado detectado en BD. UUID=4114c219-9375-4b8f-b8d7-a5c3f59d34d8, idFactura=FAC-76283
2026-04-06 10:08:14 - ID DUPLICADO: Duplicado detectado en BD. UUID=4114c219-9375-4b8f-b8d7-a5c3f59d34d8, idFactura=FAC-936942
2026-04-06 10:08:14 - ID DUPLICADO: Duplicado detectado en BD. UUID=4114c219-9375-4b8f-b8d7-a5c3f59d34d8, idFactura=FAC-186640
2026-04-06 10:08:14 - ID DUPLICADO: Duplicado detectado en BD. UUID=4114c219-9375-4b8f-b8d7-a5c3f59d34d8, idFactura=FAC-557608
2026-04-06 10:08:14 - ID DUPLICADO: Duplicado detectado en BD. UUID=4114c219-9375-4b8f-b8d7-a5c3f59d34d8, idFactura=FAC-949166
2026-04-06 10:08:14 - ID DUPLICADO: Duplicado detectado en BD. UUID=4114c219-9375-4b8f-b8d7-a5c3f59d34d8, idFactura=FAC-253884
2026-04-06 10:08:14 - ID DUPLICADO: Duplicado detectado en BD. UUID=4114c219-9375-4b8f-b8d7-a5c3f59d34d8, idFactura=FAC-407600
2026-04-06 10:08:14 - ID DUPLICADO: Duplicado detectado en BD. UUID=4114c219-9375-4b8f-b8d7-a5c3f59d34d8, idFactura=FAC-364892
2026-04-06 10:08:14 - ID DUPLICADO: Duplicado detectado en BD. UUID=4114c219-9375-4b8f-b8d7-a5c3f59d34d8, idFactura=FAC-956752
2026-04-06 10:08:14 - ID DUPLICADO: Duplicado detectado en BD. UUID=4114c219-9375-4b8f-b8d7-a5c3f59d34d8, idFactura=FAC-831715
2026-04-06 10:08:14 - ID DUPLICADO: Duplicado detectado en BD. UUID=4114c219-9375-4b8f-b8d7-a5c3f59d34d8, idFactura=FAC-909550
2026-04-06 10:08:14 - ID DUPLICADO: Duplicado detectado en BD. UUID=4114c219-9375-4b8f-b8d7-a5c3f59d34d8, idFactura=FAC-238124
2026-04-06 10:08:14 - ID DUPLICADO: Duplicado detectado en BD. UUID=4114c219-9375-4b8f-b8d7-a5c3f59d34d8, idFactura=FAC-896074
2026-04-06 10:08:14 - ID DUPLICADO: Duplicado detectado en BD. UUID=4114c219-9375-4b8f-b8d7-a5c3f59d34d8, idFactura=FAC-430959
2026-04-06 10:08:14 - ID DUPLICADO: Duplicado detectado en BD. UUID=4114c219-9375-4b8f-b8d7-a5c3f59d34d8, idFactura=FAC-541640
2026-04-06 10:08:14 - ID DUPLICADO: Duplicado detectado en BD. UUID=4114c219-9375-4b8f-b8d7-a5c3f59d34d8, idFactura=FAC-105132
2026-04-06 10:08:14 - ID DUPLICADO: Duplicado detectado en BD. UUID=4114c219-9375-4b8f-b8d7-a5c3f59d34d8, idFactura=FAC-179883
2026-04-06 10:08:14 - ID DUPLICADO: Duplicado detectado en BD. UUID=4114c219-9375-4b8f-b8d7-a5c3f59d34d8, idFactura=FAC-103441
2026-04-06 10:08:14 - ID DUPLICADO: Duplicado detectado en BD. UUID=4114c219-9375-4b8f-b8d7-a5c3f59d34d8, idFactura=FAC-138498
2026-04-06 10:08:14 - ID DUPLICADO: Duplicado detectado en BD. UUID=4114c219-9375-4b8f-b8d7-a5c3f59d34d8, idFactura=FAC-295667
2026-04-06 10:08:14 - ID DUPLICADO: Duplicado detectado en BD. UUID=4114c219-9375-4b8f-b8d7-a5c3f59d34d8, idFactura=FAC-298426
2026-04-06 10:08:14 - ID DUPLICADO: Duplicado detectado en BD. UUID=4114c219-9375-4b8f-b8d7-a5c3f59d34d8, idFactura=FAC-75546
2026-04-06 10:08:14 - ID DUPLICADO: Duplicado detectado en BD. UUID=4114c219-9375-4b8f-b8d7-a5c3f59d34d8, idFactura=FAC-368683
2026-04-06 10:08:14 - ID DUPLICADO: Duplicado detectado en BD. UUID=4114c219-9375-4b8f-b8d7-a5c3f59d34d8, idFactura=FAC-151243
2026-04-06 10:08:14 - ID DUPLICADO: Duplicado detectado en BD. UUID=4114c219-9375-4b8f-b8d7-a5c3f59d34d8, idFactura=FAC-868369
2026-04-06 10:08:14 - ID DUPLICADO: Duplicado detectado en BD. UUID=4114c219-9375-4b8f-b8d7-a5c3f59d34d8, idFactura=FAC-51164
2026-04-06 10:08:14 - ID DUPLICADO: Duplicado detectado en BD. UUID=4114c219-9375-4b8f-b8d7-a5c3f59d34d8, idFactura=FAC-859294
2026-04-06 10:08:14 - ID DUPLICADO: Duplicado detectado en BD. UUID=4114c219-9375-4b8f-b8d7-a5c3f59d34d8, idFactura=FAC-362566
2026-04-06 10:08:14 - ID DUPLICADO: Duplicado detectado en BD. UUID=4114c219-9375-4b8f-b8d7-a5c3f59d34d8, idFactura=FAC-364166
2026-04-06 10:08:14 - ID DUPLICADO: Duplicado detectado en BD. UUID=4114c219-9375-4b8f-b8d7-a5c3f59d34d8, idFactura=FAC-345335
2026-04-06 10:08:14 - ID DUPLICADO: Duplicado detectado en BD. UUID=4114c219-9375-4b8f-b8d7-a5c3f59d34d8, idFactura=FAC-184546
2026-04-06 10:08:14 - ID DUPLICADO: Duplicado detectado en BD. UUID=4114c219-9375-4b8f-b8d7-a5c3f59d34d8, idFactura=FAC-144316
2026-04-06 10:08:14 - ID DUPLICADO: Duplicado detectado en BD. UUID=4114c219-9375-4b8f-b8d7-a5c3f59d34d8, idFactura=FAC-761591
2026-04-06 10:08:14 - ID DUPLICADO: Duplicado detectado en BD. UUID=4114c219-9375-4b8f-b8d7-a5c3f59d34d8, idFactura=FAC-505487
2026-04-06 10:08:14 - ID DUPLICADO: Duplicado detectado en BD. UUID=4114c219-9375-4b8f-b8d7-a5c3f59d34d8, idFactura=FAC-933675
2026-04-06 10:08:14 - ID DUPLICADO: Duplicado detectado en BD. UUID=4114c219-9375-4b8f-b8d7-a5c3f59d34d8, idFactura=FAC-800357
2026-04-06 10:08:14 - ID DUPLICADO: Duplicado detectado en BD. UUID=4114c219-9375-4b8f-b8d7-a5c3f59d34d8, idFactura=FAC-203017
2026-04-06 10:14:30 - ID DUPLICADO: Duplicado detectado en BD. UUID=4114c219-9375-4b8f-b8d7-a5c3f59d34d8, idFactura=FAC-721607
2026-04-06 10:14:30 - ID DUPLICADO: Duplicado detectado en BD. UUID=4114c219-9375-4b8f-b8d7-a5c3f59d34d8, idFactura=FAC-480721
2026-04-06 10:14:30 - ID DUPLICADO: Duplicado detectado en BD. UUID=4114c219-9375-4b8f-b8d7-a5c3f59d34d8, idFactura=FAC-236380
2026-04-06 10:14:30 - ID DUPLICADO: Duplicado detectado en BD. UUID=4114c219-9375-4b8f-b8d7-a5c3f59d34d8, idFactura=FAC-890209
2026-04-06 10:14:30 - ID DUPLICADO: Duplicado detectado en BD. UUID=4114c219-9375-4b8f-b8d7-a5c3f59d34d8, idFactura=FAC-323638
2026-04-06 10:14:30 - ID DUPLICADO: Duplicado detectado en BD. UUID=4114c219-9375-4b8f-b8d7-a5c3f59d34d8, idFactura=FAC-279893
2026-04-06 10:14:30 - ID DUPLICADO: Duplicado detectado en BD. UUID=4114c219-9375-4b8f-b8d7-a5c3f59d34d8, idFactura=FAC-812285
2026-04-06 10:14:30 - ID DUPLICADO: Duplicado detectado en BD. UUID=4114c219-9375-4b8f-b8d7-a5c3f59d34d8, idFactura=FAC-602296
2026-04-06 10:14:30 - ID DUPLICADO: Duplicado detectado en BD. UUID=4114c219-9375-4b8f-b8d7-a5c3f59d34d8, idFactura=FAC-404418
2026-04-06 10:14:30 - ID DUPLICADO: Duplicado detectado en BD. UUID=4114c219-9375-4b8f-b8d7-a5c3f59d34d8, idFactura=FAC-671078
2026-04-06 10:14:30 - ID DUPLICADO: Duplicado detectado en BD. UUID=4114c219-9375-4b8f-b8d7-a5c3f59d34d8, idFactura=FAC-816371
2026-04-06 10:14:30 - ID DUPLICADO: Duplicado detectado en BD. UUID=4114c219-9375-4b8f-b8d7-a5c3f59d34d8, idFactura=FAC-646590
2026-04-06 10:14:30 - ID DUPLICADO: Duplicado detectado en BD. UUID=4114c219-9375-4b8f-b8d7-a5c3f59d34d8, idFactura=FAC-630492
2026-04-06 10:14:30 - ID DUPLICADO: Duplicado detectado en BD. UUID=4114c219-9375-4b8f-b8d7-a5c3f59d34d8, idFactura=FAC-270350
2026-04-06 10:14:30 - ID DUPLICADO: Duplicado detectado en BD. UUID=4114c219-9375-4b8f-b8d7-a5c3f59d34d8, idFactura=FAC-807591
2026-04-06 10:14:30 - ID DUPLICADO: Duplicado detectado en BD. UUID=4114c219-9375-4b8f-b8d7-a5c3f59d34d8, idFactura=FAC-740984
2026-04-06 10:14:30 - ID DUPLICADO: Duplicado detectado en BD. UUID=4114c219-9375-4b8f-b8d7-a5c3f59d34d8, idFactura=FAC-790426
2026-04-06 10:14:30 - ID DUPLICADO: Duplicado detectado en BD. UUID=4114c219-9375-4b8f-b8d7-a5c3f59d34d8, idFactura=FAC-23539
2026-04-06 10:14:30 - ID DUPLICADO: Duplicado detectado en BD. UUID=4114c219-9375-4b8f-b8d7-a5c3f59d34d8, idFactura=FAC-691838
2026-04-06 10:14:30 - ID DUPLICADO: Duplicado detectado en BD. UUID=4114c219-9375-4b8f-b8d7-a5c3f59d34d8, idFactura=FAC-928083
2026-04-06 10:14:30 - ID DUPLICADO: Duplicado detectado en BD. UUID=4114c219-9375-4b8f-b8d7-a5c3f59d34d8, idFactura=FAC-397876
2026-04-06 10:14:30 - ID DUPLICADO: Duplicado detectado en BD. UUID=4114c219-9375-4b8f-b8d7-a5c3f59d34d8, idFactura=FAC-219398
2026-04-06 10:14:30 - ID DUPLICADO: Duplicado detectado en BD. UUID=4114c219-9375-4b8f-b8d7-a5c3f59d34d8, idFactura=FAC-294468
2026-04-06 10:14:30 - ID DUPLICADO: Duplicado detectado en BD. UUID=4114c219-9375-4b8f-b8d7-a5c3f59d34d8, idFactura=FAC-808757
2026-04-06 10:14:30 - ID DUPLICADO: Duplicado detectado en BD. UUID=4114c219-9375-4b8f-b8d7-a5c3f59d34d8, idFactura=FAC-755549
2026-04-06 10:14:30 - ID DUPLICADO: Duplicado detectado en BD. UUID=4114c219-9375-4b8f-b8d7-a5c3f59d34d8, idFactura=FAC-227625
2026-04-06 10:14:30 - ID DUPLICADO: Duplicado detectado en BD. UUID=4114c219-9375-4b8f-b8d7-a5c3f59d34d8, idFactura=FAC-862503
2026-04-06 10:14:30 - ID DUPLICADO: Duplicado detectado en BD. UUID=4114c219-9375-4b8f-b8d7-a5c3f59d34d8, idFactura=FAC-534802
2026-04-06 10:14:30 - ID DUPLICADO: Duplicado detectado en BD. UUID=4114c219-9375-4b8f-b8d7-a5c3f59d34d8, idFactura=FAC-715188
2026-04-06 10:14:30 - ID DUPLICADO: Duplicado detectado en BD. UUID=4114c219-9375-4b8f-b8d7-a5c3f59d34d8, idFactura=FAC-658573
2026-04-06 10:14:30 - ID DUPLICADO: Duplicado detectado en BD. UUID=4114c219-9375-4b8f-b8d7-a5c3f59d34d8, idFactura=FAC-176734
2026-04-06 10:14:30 - ID DUPLICADO: Duplicado detectado en BD. UUID=4114c219-9375-4b8f-b8d7-a5c3f59d34d8, idFactura=FAC-365458
2026-04-06 10:14:30 - ID DUPLICADO: Duplicado detectado en BD. UUID=4114c219-9375-4b8f-b8d7-a5c3f59d34d8, idFactura=FAC-752921
2026-04-06 10:14:30 - ID DUPLICADO: Duplicado detectado en BD. UUID=4114c219-9375-4b8f-b8d7-a5c3f59d34d8, idFactura=FAC-621155
2026-04-06 10:14:30 - ID DUPLICADO: Duplicado detectado en BD. UUID=4114c219-9375-4b8f-b8d7-a5c3f59d34d8, idFactura=FAC-7754
2026-04-06 10:14:30 - ID DUPLICADO: Duplicado detectado en BD. UUID=4114c219-9375-4b8f-b8d7-a5c3f59d34d8, idFactura=FAC-577080
2026-04-06 10:14:30 - ID DUPLICADO: Duplicado detectado en BD. UUID=4114c219-9375-4b8f-b8d7-a5c3f59d34d8, idFactura=FAC-775593
2026-04-06 10:14:30 - ID DUPLICADO: Duplicado detectado en BD. UUID=4114c219-9375-4b8f-b8d7-a5c3f59d34d8, idFactura=FAC-242122
2026-04-06 10:14:30 - ID DUPLICADO: Duplicado detectado en BD. UUID=4114c219-9375-4b8f-b8d7-a5c3f59d34d8, idFactura=FAC-793518
2026-04-06 10:14:30 - ID DUPLICADO: Duplicado detectado en BD. UUID=4114c219-9375-4b8f-b8d7-a5c3f59d34d8, idFactura=FAC-17410
2026-04-06 10:14:30 - ID DUPLICADO: Duplicado detectado en BD. UUID=4114c219-9375-4b8f-b8d7-a5c3f59d34d8, idFactura=FAC-210331
2026-04-06 10:14:30 - ID DUPLICADO: Duplicado detectado en BD. UUID=4114c219-9375-4b8f-b8d7-a5c3f59d34d8, idFactura=FAC-127639
2026-04-06 10:14:30 - ID DUPLICADO: Duplicado detectado en BD. UUID=4114c219-9375-4b8f-b8d7-a5c3f59d34d8, idFactura=FAC-169329
2026-04-06 10:14:30 - ID DUPLICADO: Duplicado detectado en BD. UUID=4114c219-9375-4b8f-b8d7-a5c3f59d34d8, idFactura=FAC-918105
2026-04-06 10:14:30 - ID DUPLICADO: Duplicado detectado en BD. UUID=4114c219-9375-4b8f-b8d7-a5c3f59d34d8, idFactura=FAC-536207
2026-04-06 10:14:30 - ID DUPLICADO: Duplicado detectado en BD. UUID=4114c219-9375-4b8f-b8d7-a5c3f59d34d8, idFactura=FAC-829136
2026-04-06 10:14:30 - ID DUPLICADO: Duplicado detectado en BD. UUID=4114c219-9375-4b8f-b8d7-a5c3f59d34d8, idFactura=FAC-314754
2026-04-06 10:14:30 - ID DUPLICADO: Duplicado detectado en BD. UUID=4114c219-9375-4b8f-b8d7-a5c3f59d34d8, idFactura=FAC-726122
2026-04-06 10:14:30 - ID DUPLICADO: Duplicado detectado en BD. UUID=4114c219-9375-4b8f-b8d7-a5c3f59d34d8, idFactura=FAC-240455
2026-04-06 10:14:30 - ID DUPLICADO: Duplicado detectado en BD. UUID=4114c219-9375-4b8f-b8d7-a5c3f59d34d8, idFactura=FAC-366329
2026-04-06 10:14:30 - ID DUPLICADO: Duplicado detectado en BD. UUID=4114c219-9375-4b8f-b8d7-a5c3f59d34d8, idFactura=FAC-916212
2026-04-06 10:14:30 - ID DUPLICADO: Duplicado detectado en BD. UUID=4114c219-9375-4b8f-b8d7-a5c3f59d34d8, idFactura=FAC-422516
2026-04-06 10:14:30 - ID DUPLICADO: Duplicado detectado en BD. UUID=4114c219-9375-4b8f-b8d7-a5c3f59d34d8, idFactura=FAC-70155
2026-04-06 10:14:30 - ID DUPLICADO: Duplicado detectado en BD. UUID=4114c219-9375-4b8f-b8d7-a5c3f59d34d8, idFactura=FAC-515432
2026-04-06 10:14:30 - ID DUPLICADO: Duplicado detectado en BD. UUID=4114c219-9375-4b8f-b8d7-a5c3f59d34d8, idFactura=FAC-421232
2026-04-06 10:14:30 - ID DUPLICADO: Duplicado detectado en BD. UUID=4114c219-9375-4b8f-b8d7-a5c3f59d34d8, idFactura=FAC-934441
2026-04-06 10:14:30 - ID DUPLICADO: Duplicado detectado en BD. UUID=4114c219-9375-4b8f-b8d7-a5c3f59d34d8, idFactura=FAC-14893
2026-04-06 10:14:30 - ID DUPLICADO: Duplicado detectado en BD. UUID=4114c219-9375-4b8f-b8d7-a5c3f59d34d8, idFactura=FAC-553403
2026-04-06 10:14:30 - ID DUPLICADO: Duplicado detectado en BD. UUID=4114c219-9375-4b8f-b8d7-a5c3f59d34d8, idFactura=FAC-267487
2026-04-06 10:14:30 - ID DUPLICADO: Duplicado detectado en BD. UUID=4114c219-9375-4b8f-b8d7-a5c3f59d34d8, idFactura=FAC-69359
2026-04-06 10:14:30 - ID DUPLICADO: Duplicado detectado en BD. UUID=4114c219-9375-4b8f-b8d7-a5c3f59d34d8, idFactura=FAC-895486
2026-04-06 10:14:30 - ID DUPLICADO: Duplicado detectado en BD. UUID=4114c219-9375-4b8f-b8d7-a5c3f59d34d8, idFactura=FAC-766399
2026-04-06 10:14:30 - ID DUPLICADO: Duplicado detectado en BD. UUID=4114c219-9375-4b8f-b8d7-a5c3f59d34d8, idFactura=FAC-34695
2026-04-06 10:14:30 - ID DUPLICADO: Duplicado detectado en BD. UUID=4114c219-9375-4b8f-b8d7-a5c3f59d34d8, idFactura=FAC-157869
2026-04-06 10:14:30 - ID DUPLICADO: Duplicado detectado en BD. UUID=4114c219-9375-4b8f-b8d7-a5c3f59d34d8, idFactura=FAC-355004
2026-04-06 10:14:30 - ID DUPLICADO: Duplicado detectado en BD. UUID=4114c219-9375-4b8f-b8d7-a5c3f59d34d8, idFactura=FAC-353538
2026-04-06 10:14:30 - ID DUPLICADO: Duplicado detectado en BD. UUID=4114c219-9375-4b8f-b8d7-a5c3f59d34d8, idFactura=FAC-274969
2026-04-06 10:14:30 - ID DUPLICADO: Duplicado detectado en BD. UUID=4114c219-9375-4b8f-b8d7-a5c3f59d34d8, idFactura=FAC-261629
2026-04-06 10:14:30 - ID DUPLICADO: Duplicado detectado en BD. UUID=4114c219-9375-4b8f-b8d7-a5c3f59d34d8, idFactura=FAC-579242
2026-04-06 10:14:30 - ID DUPLICADO: Duplicado detectado en BD. UUID=4114c219-9375-4b8f-b8d7-a5c3f59d34d8, idFactura=FAC-167937
2026-04-06 10:14:30 - ID DUPLICADO: Duplicado detectado en BD. UUID=4114c219-9375-4b8f-b8d7-a5c3f59d34d8, idFactura=FAC-6294
2026-04-06 10:14:30 - ID DUPLICADO: Duplicado detectado en BD. UUID=4114c219-9375-4b8f-b8d7-a5c3f59d34d8, idFactura=FAC-216819
2026-04-06 10:14:30 - ID DUPLICADO: Duplicado detectado en BD. UUID=4114c219-9375-4b8f-b8d7-a5c3f59d34d8, idFactura=FAC-894074
2026-04-06 10:14:30 - ID DUPLICADO: Duplicado detectado en BD. UUID=4114c219-9375-4b8f-b8d7-a5c3f59d34d8, idFactura=FAC-923704
2026-04-06 10:14:30 - ID DUPLICADO: Duplicado detectado en BD. UUID=4114c219-9375-4b8f-b8d7-a5c3f59d34d8, idFactura=FAC-483399
2026-04-06 10:14:30 - ID DUPLICADO: Duplicado detectado en BD. UUID=4114c219-9375-4b8f-b8d7-a5c3f59d34d8, idFactura=FAC-683597
2026-04-06 10:14:30 - ID DUPLICADO: Duplicado detectado en BD. UUID=4114c219-9375-4b8f-b8d7-a5c3f59d34d8, idFactura=FAC-517007
2026-04-06 10:14:30 - ID DUPLICADO: Duplicado detectado en BD. UUID=4114c219-9375-4b8f-b8d7-a5c3f59d34d8, idFactura=FAC-890868
2026-04-06 10:14:30 - ID DUPLICADO: Duplicado detectado en BD. UUID=4114c219-9375-4b8f-b8d7-a5c3f59d34d8, idFactura=FAC-66422
2026-04-06 10:14:30 - ID DUPLICADO: Duplicado detectado en BD. UUID=4114c219-9375-4b8f-b8d7-a5c3f59d34d8, idFactura=FAC-877980
2026-04-06 10:14:30 - ID DUPLICADO: Duplicado detectado en BD. UUID=4114c219-9375-4b8f-b8d7-a5c3f59d34d8, idFactura=FAC-114369
2026-04-06 10:14:30 - ID DUPLICADO: Duplicado detectado en BD. UUID=4114c219-9375-4b8f-b8d7-a5c3f59d34d8, idFactura=FAC-776101
2026-04-06 10:14:30 - ID DUPLICADO: Duplicado detectado en BD. UUID=4114c219-9375-4b8f-b8d7-a5c3f59d34d8, idFactura=FAC-130169
2026-04-06 10:14:30 - ID DUPLICADO: Duplicado detectado en BD. UUID=4114c219-9375-4b8f-b8d7-a5c3f59d34d8, idFactura=FAC-93190
2026-04-06 10:14:30 - ID DUPLICADO: Duplicado detectado en BD. UUID=4114c219-9375-4b8f-b8d7-a5c3f59d34d8, idFactura=FAC-860390
2026-04-06 10:14:30 - ID DUPLICADO: Duplicado detectado en BD. UUID=4114c219-9375-4b8f-b8d7-a5c3f59d34d8, idFactura=FAC-241643
2026-04-06 10:14:30 - ID DUPLICADO: Duplicado detectado en BD. UUID=4114c219-9375-4b8f-b8d7-a5c3f59d34d8, idFactura=FAC-761990
2026-04-06 10:14:30 - ID DUPLICADO: Duplicado detectado en BD. UUID=4114c219-9375-4b8f-b8d7-a5c3f59d34d8, idFactura=FAC-928518
2026-04-06 10:14:30 - ID DUPLICADO: Duplicado detectado en BD. UUID=4114c219-9375-4b8f-b8d7-a5c3f59d34d8, idFactura=FAC-655404
2026-04-06 10:14:30 - ID DUPLICADO: Duplicado detectado en BD. UUID=4114c219-9375-4b8f-b8d7-a5c3f59d34d8, idFactura=FAC-412422
2026-04-06 10:14:30 - ID DUPLICADO: Duplicado detectado en BD. UUID=4114c219-9375-4b8f-b8d7-a5c3f59d34d8, idFactura=FAC-394120
2026-04-06 10:14:30 - ID DUPLICADO: Duplicado detectado en BD. UUID=4114c219-9375-4b8f-b8d7-a5c3f59d34d8, idFactura=FAC-627764
2026-04-06 10:14:30 - ID DUPLICADO: Duplicado detectado en BD. UUID=4114c219-9375-4b8f-b8d7-a5c3f59d34d8, idFactura=FAC-783215
2026-04-06 10:14:30 - ID DUPLICADO: Duplicado detectado en BD. UUID=4114c219-9375-4b8f-b8d7-a5c3f59d34d8, idFactura=FAC-932536
2026-04-06 10:14:30 - ID DUPLICADO: Duplicado detectado en BD. UUID=4114c219-9375-4b8f-b8d7-a5c3f59d34d8, idFactura=FAC-759111
2026-04-06 10:14:30 - ID DUPLICADO: Duplicado detectado en BD. UUID=4114c219-9375-4b8f-b8d7-a5c3f59d34d8, idFactura=FAC-169069
2026-04-06 10:14:30 - ID DUPLICADO: Duplicado detectado en BD. UUID=4114c219-9375-4b8f-b8d7-a5c3f59d34d8, idFactura=FAC-418491
2026-04-06 10:14:30 - ID DUPLICADO: Duplicado detectado en BD. UUID=4114c219-9375-4b8f-b8d7-a5c3f59d34d8, idFactura=FAC-241184
2026-04-06 10:14:30 - ID DUPLICADO: Duplicado detectado en BD. UUID=4114c219-9375-4b8f-b8d7-a5c3f59d34d8, idFactura=FAC-356552
2026-04-06 10:15:52 - ID DUPLICADO: Duplicado detectado en BD. UUID=4114c219-9375-4b8f-b8d7-a5c3f59d34d8, idFactura=FAC-435095
2026-04-06 10:15:52 - ID DUPLICADO: Duplicado detectado en BD. UUID=4114c219-9375-4b8f-b8d7-a5c3f59d34d8, idFactura=FAC-178212
2026-04-06 10:15:52 - ID DUPLICADO: Duplicado detectado en BD. UUID=4114c219-9375-4b8f-b8d7-a5c3f59d34d8, idFactura=FAC-934037
2026-04-06 10:15:52 - ID DUPLICADO: Duplicado detectado en BD. UUID=4114c219-9375-4b8f-b8d7-a5c3f59d34d8, idFactura=FAC-425596
2026-04-06 10:15:52 - ID DUPLICADO: Duplicado detectado en BD. UUID=4114c219-9375-4b8f-b8d7-a5c3f59d34d8, idFactura=FAC-823448
2026-04-06 10:15:52 - ID DUPLICADO: Duplicado detectado en BD. UUID=4114c219-9375-4b8f-b8d7-a5c3f59d34d8, idFactura=FAC-570354
2026-04-06 10:15:52 - ID DUPLICADO: Duplicado detectado en BD. UUID=4114c219-9375-4b8f-b8d7-a5c3f59d34d8, idFactura=FAC-60375
2026-04-06 10:15:52 - ID DUPLICADO: Duplicado detectado en BD. UUID=4114c219-9375-4b8f-b8d7-a5c3f59d34d8, idFactura=FAC-850215
2026-04-06 10:15:52 - ID DUPLICADO: Duplicado detectado en BD. UUID=4114c219-9375-4b8f-b8d7-a5c3f59d34d8, idFactura=FAC-750608
2026-04-06 10:15:52 - ID DUPLICADO: Duplicado detectado en BD. UUID=4114c219-9375-4b8f-b8d7-a5c3f59d34d8, idFactura=FAC-899227
2026-04-06 10:15:52 - ID DUPLICADO: Duplicado detectado en BD. UUID=4114c219-9375-4b8f-b8d7-a5c3f59d34d8, idFactura=FAC-257434
2026-04-06 10:15:52 - ID DUPLICADO: Duplicado detectado en BD. UUID=4114c219-9375-4b8f-b8d7-a5c3f59d34d8, idFactura=FAC-82339
2026-04-06 10:15:52 - ID DUPLICADO: Duplicado detectado en BD. UUID=4114c219-9375-4b8f-b8d7-a5c3f59d34d8, idFactura=FAC-921761
2026-04-06 10:15:52 - ID DUPLICADO: Duplicado detectado en BD. UUID=4114c219-9375-4b8f-b8d7-a5c3f59d34d8, idFactura=FAC-519795
2026-04-06 10:15:52 - ID DUPLICADO: Duplicado detectado en BD. UUID=4114c219-9375-4b8f-b8d7-a5c3f59d34d8, idFactura=FAC-754167
2026-04-06 10:15:52 - ID DUPLICADO: Duplicado detectado en BD. UUID=4114c219-9375-4b8f-b8d7-a5c3f59d34d8, idFactura=FAC-473164
2026-04-06 10:15:52 - ID DUPLICADO: Duplicado detectado en BD. UUID=4114c219-9375-4b8f-b8d7-a5c3f59d34d8, idFactura=FAC-588380
2026-04-06 10:15:52 - ID DUPLICADO: Duplicado detectado en BD. UUID=4114c219-9375-4b8f-b8d7-a5c3f59d34d8, idFactura=FAC-430508
2026-04-06 10:15:52 - ID DUPLICADO: Duplicado detectado en BD. UUID=4114c219-9375-4b8f-b8d7-a5c3f59d34d8, idFactura=FAC-494841
2026-04-06 10:15:52 - ID DUPLICADO: Duplicado detectado en BD. UUID=4114c219-9375-4b8f-b8d7-a5c3f59d34d8, idFactura=FAC-921613
2026-04-06 10:15:52 - ID DUPLICADO: Duplicado detectado en BD. UUID=4114c219-9375-4b8f-b8d7-a5c3f59d34d8, idFactura=FAC-418022
2026-04-06 10:15:52 - ID DUPLICADO: Duplicado detectado en BD. UUID=4114c219-9375-4b8f-b8d7-a5c3f59d34d8, idFactura=FAC-877854
2026-04-06 10:15:52 - ID DUPLICADO: Duplicado detectado en BD. UUID=4114c219-9375-4b8f-b8d7-a5c3f59d34d8, idFactura=FAC-801498
2026-04-06 10:15:52 - ID DUPLICADO: Duplicado detectado en BD. UUID=4114c219-9375-4b8f-b8d7-a5c3f59d34d8, idFactura=FAC-447722
2026-04-06 10:15:52 - ID DUPLICADO: Duplicado detectado en BD. UUID=4114c219-9375-4b8f-b8d7-a5c3f59d34d8, idFactura=FAC-356743
2026-04-06 10:15:52 - ID DUPLICADO: Duplicado detectado en BD. UUID=4114c219-9375-4b8f-b8d7-a5c3f59d34d8, idFactura=FAC-531817
2026-04-06 10:15:52 - ID DUPLICADO: Duplicado detectado en BD. UUID=4114c219-9375-4b8f-b8d7-a5c3f59d34d8, idFactura=FAC-145858
2026-04-06 10:15:52 - ID DUPLICADO: Duplicado detectado en BD. UUID=4114c219-9375-4b8f-b8d7-a5c3f59d34d8, idFactura=FAC-305657
2026-04-06 10:15:52 - ID DUPLICADO: Duplicado detectado en BD. UUID=4114c219-9375-4b8f-b8d7-a5c3f59d34d8, idFactura=FAC-330151
2026-04-06 10:15:52 - ID DUPLICADO: Duplicado detectado en BD. UUID=4114c219-9375-4b8f-b8d7-a5c3f59d34d8, idFactura=FAC-605785
2026-04-06 10:15:52 - ID DUPLICADO: Duplicado detectado en BD. UUID=4114c219-9375-4b8f-b8d7-a5c3f59d34d8, idFactura=FAC-902697
2026-04-06 10:15:52 - ID DUPLICADO: Duplicado detectado en BD. UUID=4114c219-9375-4b8f-b8d7-a5c3f59d34d8, idFactura=FAC-913742
2026-04-06 10:15:52 - ID DUPLICADO: Duplicado detectado en BD. UUID=4114c219-9375-4b8f-b8d7-a5c3f59d34d8, idFactura=FAC-519171
2026-04-06 10:15:52 - ID DUPLICADO: Duplicado detectado en BD. UUID=4114c219-9375-4b8f-b8d7-a5c3f59d34d8, idFactura=FAC-707048
2026-04-06 10:15:52 - ID DUPLICADO: Duplicado detectado en BD. UUID=4114c219-9375-4b8f-b8d7-a5c3f59d34d8, idFactura=FAC-541680
2026-04-06 10:15:52 - ID DUPLICADO: Duplicado detectado en BD. UUID=4114c219-9375-4b8f-b8d7-a5c3f59d34d8, idFactura=FAC-710634
2026-04-06 10:15:52 - ID DUPLICADO: Duplicado detectado en BD. UUID=4114c219-9375-4b8f-b8d7-a5c3f59d34d8, idFactura=FAC-808865
2026-04-06 10:15:52 - ID DUPLICADO: Duplicado detectado en BD. UUID=4114c219-9375-4b8f-b8d7-a5c3f59d34d8, idFactura=FAC-507231
2026-04-06 10:15:52 - ID DUPLICADO: Duplicado detectado en BD. UUID=4114c219-9375-4b8f-b8d7-a5c3f59d34d8, idFactura=FAC-92195
2026-04-06 10:15:52 - ID DUPLICADO: Duplicado detectado en BD. UUID=4114c219-9375-4b8f-b8d7-a5c3f59d34d8, idFactura=FAC-469297
2026-04-06 10:15:52 - ID DUPLICADO: Duplicado detectado en BD. UUID=4114c219-9375-4b8f-b8d7-a5c3f59d34d8, idFactura=FAC-38633
2026-04-06 10:15:52 - ID DUPLICADO: Duplicado detectado en BD. UUID=4114c219-9375-4b8f-b8d7-a5c3f59d34d8, idFactura=FAC-689503
2026-04-06 10:15:52 - ID DUPLICADO: Duplicado detectado en BD. UUID=4114c219-9375-4b8f-b8d7-a5c3f59d34d8, idFactura=FAC-765254
2026-04-06 10:15:52 - ID DUPLICADO: Duplicado detectado en BD. UUID=4114c219-9375-4b8f-b8d7-a5c3f59d34d8, idFactura=FAC-799835
2026-04-06 10:15:52 - ID DUPLICADO: Duplicado detectado en BD. UUID=4114c219-9375-4b8f-b8d7-a5c3f59d34d8, idFactura=FAC-107351
2026-04-06 10:15:52 - ID DUPLICADO: Duplicado detectado en BD. UUID=4114c219-9375-4b8f-b8d7-a5c3f59d34d8, idFactura=FAC-684781
2026-04-06 10:15:52 - ID DUPLICADO: Duplicado detectado en BD. UUID=4114c219-9375-4b8f-b8d7-a5c3f59d34d8, idFactura=FAC-91613
2026-04-06 10:15:52 - ID DUPLICADO: Duplicado detectado en BD. UUID=4114c219-9375-4b8f-b8d7-a5c3f59d34d8, idFactura=FAC-867754
2026-04-06 10:15:52 - ID DUPLICADO: Duplicado detectado en BD. UUID=4114c219-9375-4b8f-b8d7-a5c3f59d34d8, idFactura=FAC-393690
2026-04-06 10:15:52 - ID DUPLICADO: Duplicado detectado en BD. UUID=4114c219-9375-4b8f-b8d7-a5c3f59d34d8, idFactura=FAC-388577
2026-04-06 10:15:52 - ID DUPLICADO: Duplicado detectado en BD. UUID=4114c219-9375-4b8f-b8d7-a5c3f59d34d8, idFactura=FAC-140211
2026-04-06 10:15:52 - ID DUPLICADO: Duplicado detectado en BD. UUID=4114c219-9375-4b8f-b8d7-a5c3f59d34d8, idFactura=FAC-721086
2026-04-06 10:15:52 - ID DUPLICADO: Duplicado detectado en BD. UUID=4114c219-9375-4b8f-b8d7-a5c3f59d34d8, idFactura=FAC-548800
2026-04-06 10:15:52 - ID DUPLICADO: Duplicado detectado en BD. UUID=4114c219-9375-4b8f-b8d7-a5c3f59d34d8, idFactura=FAC-766389
2026-04-06 10:15:52 - ID DUPLICADO: Duplicado detectado en BD. UUID=4114c219-9375-4b8f-b8d7-a5c3f59d34d8, idFactura=FAC-827381
2026-04-06 10:15:52 - ID DUPLICADO: Duplicado detectado en BD. UUID=4114c219-9375-4b8f-b8d7-a5c3f59d34d8, idFactura=FAC-897010
2026-04-06 10:15:52 - ID DUPLICADO: Duplicado detectado en BD. UUID=4114c219-9375-4b8f-b8d7-a5c3f59d34d8, idFactura=FAC-632678
2026-04-06 10:15:52 - ID DUPLICADO: Duplicado detectado en BD. UUID=4114c219-9375-4b8f-b8d7-a5c3f59d34d8, idFactura=FAC-101031
2026-04-06 10:15:52 - ID DUPLICADO: Duplicado detectado en BD. UUID=4114c219-9375-4b8f-b8d7-a5c3f59d34d8, idFactura=FAC-568282
2026-04-06 10:15:52 - ID DUPLICADO: Duplicado detectado en BD. UUID=4114c219-9375-4b8f-b8d7-a5c3f59d34d8, idFactura=FAC-731506
2026-04-06 10:15:52 - ID DUPLICADO: Duplicado detectado en BD. UUID=4114c219-9375-4b8f-b8d7-a5c3f59d34d8, idFactura=FAC-527260
2026-04-06 10:15:52 - ID DUPLICADO: Duplicado detectado en BD. UUID=4114c219-9375-4b8f-b8d7-a5c3f59d34d8, idFactura=FAC-181853
2026-04-06 10:15:52 - ID DUPLICADO: Duplicado detectado en BD. UUID=4114c219-9375-4b8f-b8d7-a5c3f59d34d8, idFactura=FAC-279584
2026-04-06 10:15:52 - ID DUPLICADO: Duplicado detectado en BD. UUID=4114c219-9375-4b8f-b8d7-a5c3f59d34d8, idFactura=FAC-787618
2026-04-06 10:15:52 - ID DUPLICADO: Duplicado detectado en BD. UUID=4114c219-9375-4b8f-b8d7-a5c3f59d34d8, idFactura=FAC-296431
2026-04-06 10:15:52 - ID DUPLICADO: Duplicado detectado en BD. UUID=4114c219-9375-4b8f-b8d7-a5c3f59d34d8, idFactura=FAC-267508
2026-04-06 10:15:52 - ID DUPLICADO: Duplicado detectado en BD. UUID=4114c219-9375-4b8f-b8d7-a5c3f59d34d8, idFactura=FAC-174258
2026-04-06 10:15:52 - ID DUPLICADO: Duplicado detectado en BD. UUID=4114c219-9375-4b8f-b8d7-a5c3f59d34d8, idFactura=FAC-996820
2026-04-06 10:15:52 - ID DUPLICADO: Duplicado detectado en BD. UUID=4114c219-9375-4b8f-b8d7-a5c3f59d34d8, idFactura=FAC-25369
2026-04-06 10:15:52 - ID DUPLICADO: Duplicado detectado en BD. UUID=4114c219-9375-4b8f-b8d7-a5c3f59d34d8, idFactura=FAC-223355
2026-04-06 10:15:52 - ID DUPLICADO: Duplicado detectado en BD. UUID=4114c219-9375-4b8f-b8d7-a5c3f59d34d8, idFactura=FAC-41964
2026-04-06 10:15:52 - ID DUPLICADO: Duplicado detectado en BD. UUID=4114c219-9375-4b8f-b8d7-a5c3f59d34d8, idFactura=FAC-508294
2026-04-06 10:15:52 - ID DUPLICADO: Duplicado detectado en BD. UUID=4114c219-9375-4b8f-b8d7-a5c3f59d34d8, idFactura=FAC-232203
2026-04-06 10:15:52 - ID DUPLICADO: Duplicado detectado en BD. UUID=4114c219-9375-4b8f-b8d7-a5c3f59d34d8, idFactura=FAC-540789
2026-04-06 10:15:52 - ID DUPLICADO: Duplicado detectado en BD. UUID=4114c219-9375-4b8f-b8d7-a5c3f59d34d8, idFactura=FAC-791021
2026-04-06 10:15:52 - ID DUPLICADO: Duplicado detectado en BD. UUID=4114c219-9375-4b8f-b8d7-a5c3f59d34d8, idFactura=FAC-339158
2026-04-06 10:15:52 - ID DUPLICADO: Duplicado detectado en BD. UUID=4114c219-9375-4b8f-b8d7-a5c3f59d34d8, idFactura=FAC-989058
2026-04-06 10:15:52 - ID DUPLICADO: Duplicado detectado en BD. UUID=4114c219-9375-4b8f-b8d7-a5c3f59d34d8, idFactura=FAC-33193
2026-04-06 10:15:52 - ID DUPLICADO: Duplicado detectado en BD. UUID=4114c219-9375-4b8f-b8d7-a5c3f59d34d8, idFactura=FAC-365732
2026-04-06 10:15:52 - ID DUPLICADO: Duplicado detectado en BD. UUID=4114c219-9375-4b8f-b8d7-a5c3f59d34d8, idFactura=FAC-886440
2026-04-06 10:15:52 - ID DUPLICADO: Duplicado detectado en BD. UUID=4114c219-9375-4b8f-b8d7-a5c3f59d34d8, idFactura=FAC-191856
2026-04-06 10:15:52 - ID DUPLICADO: Duplicado detectado en BD. UUID=4114c219-9375-4b8f-b8d7-a5c3f59d34d8, idFactura=FAC-221573
2026-04-06 10:15:52 - ID DUPLICADO: Duplicado detectado en BD. UUID=4114c219-9375-4b8f-b8d7-a5c3f59d34d8, idFactura=FAC-989283
2026-04-06 10:15:52 - ID DUPLICADO: Duplicado detectado en BD. UUID=4114c219-9375-4b8f-b8d7-a5c3f59d34d8, idFactura=FAC-265999
2026-04-06 10:15:52 - ID DUPLICADO: Duplicado detectado en BD. UUID=4114c219-9375-4b8f-b8d7-a5c3f59d34d8, idFactura=FAC-283190
2026-04-06 10:15:52 - ID DUPLICADO: Duplicado detectado en BD. UUID=4114c219-9375-4b8f-b8d7-a5c3f59d34d8, idFactura=FAC-668329
2026-04-06 10:15:52 - ID DUPLICADO: Duplicado detectado en BD. UUID=4114c219-9375-4b8f-b8d7-a5c3f59d34d8, idFactura=FAC-643238
2026-04-06 10:15:52 - ID DUPLICADO: Duplicado detectado en BD. UUID=4114c219-9375-4b8f-b8d7-a5c3f59d34d8, idFactura=FAC-515935
2026-04-06 10:15:52 - ID DUPLICADO: Duplicado detectado en BD. UUID=4114c219-9375-4b8f-b8d7-a5c3f59d34d8, idFactura=FAC-631148
2026-04-06 10:15:52 - ID DUPLICADO: Duplicado detectado en BD. UUID=4114c219-9375-4b8f-b8d7-a5c3f59d34d8, idFactura=FAC-9592
2026-04-06 10:15:52 - ID DUPLICADO: Duplicado detectado en BD. UUID=4114c219-9375-4b8f-b8d7-a5c3f59d34d8, idFactura=FAC-744055
2026-04-06 10:15:52 - ID DUPLICADO: Duplicado detectado en BD. UUID=4114c219-9375-4b8f-b8d7-a5c3f59d34d8, idFactura=FAC-277865
2026-04-06 10:15:52 - ID DUPLICADO: Duplicado detectado en BD. UUID=4114c219-9375-4b8f-b8d7-a5c3f59d34d8, idFactura=FAC-263641
2026-04-06 10:15:52 - ID DUPLICADO: Duplicado detectado en BD. UUID=4114c219-9375-4b8f-b8d7-a5c3f59d34d8, idFactura=FAC-725819
2026-04-06 10:15:52 - ID DUPLICADO: Duplicado detectado en BD. UUID=4114c219-9375-4b8f-b8d7-a5c3f59d34d8, idFactura=FAC-64479
2026-04-06 10:15:52 - ID DUPLICADO: Duplicado detectado en BD. UUID=4114c219-9375-4b8f-b8d7-a5c3f59d34d8, idFactura=FAC-696625
2026-04-06 10:15:52 - ID DUPLICADO: Duplicado detectado en BD. UUID=4114c219-9375-4b8f-b8d7-a5c3f59d34d8, idFactura=FAC-918323
2026-04-06 10:15:52 - ID DUPLICADO: Duplicado detectado en BD. UUID=4114c219-9375-4b8f-b8d7-a5c3f59d34d8, idFactura=FAC-959525
2026-04-06 10:15:52 - ID DUPLICADO: Duplicado detectado en BD. UUID=4114c219-9375-4b8f-b8d7-a5c3f59d34d8, idFactura=FAC-547267
2026-04-06 10:22:11 - ID DUPLICADO: Duplicado detectado en BD. UUID=4114c219-9375-4b8f-b8d7-a5c3f59d34d8, idFactura=FAC-637149
2026-04-06 10:22:11 - ID DUPLICADO: Duplicado detectado en BD. UUID=4114c219-9375-4b8f-b8d7-a5c3f59d34d8, idFactura=FAC-107098
2026-04-06 10:22:11 - ID DUPLICADO: Duplicado detectado en BD. UUID=4114c219-9375-4b8f-b8d7-a5c3f59d34d8, idFactura=FAC-701020
2026-04-06 10:22:11 - ID DUPLICADO: Duplicado detectado en BD. UUID=4114c219-9375-4b8f-b8d7-a5c3f59d34d8, idFactura=FAC-449211
2026-04-06 10:22:11 - ID DUPLICADO: Duplicado detectado en BD. UUID=4114c219-9375-4b8f-b8d7-a5c3f59d34d8, idFactura=FAC-300308
2026-04-06 10:22:11 - ID DUPLICADO: Duplicado detectado en BD. UUID=4114c219-9375-4b8f-b8d7-a5c3f59d34d8, idFactura=FAC-360374
2026-04-06 10:22:11 - ID DUPLICADO: Duplicado detectado en BD. UUID=4114c219-9375-4b8f-b8d7-a5c3f59d34d8, idFactura=FAC-691758
2026-04-06 10:22:11 - ID DUPLICADO: Duplicado detectado en BD. UUID=4114c219-9375-4b8f-b8d7-a5c3f59d34d8, idFactura=FAC-647385
2026-04-06 10:22:11 - ID DUPLICADO: Duplicado detectado en BD. UUID=4114c219-9375-4b8f-b8d7-a5c3f59d34d8, idFactura=FAC-804492
2026-04-06 10:22:11 - ID DUPLICADO: Duplicado detectado en BD. UUID=4114c219-9375-4b8f-b8d7-a5c3f59d34d8, idFactura=FAC-136666
2026-04-06 10:22:11 - ID DUPLICADO: Duplicado detectado en BD. UUID=4114c219-9375-4b8f-b8d7-a5c3f59d34d8, idFactura=FAC-941861
2026-04-06 10:22:11 - ID DUPLICADO: Duplicado detectado en BD. UUID=4114c219-9375-4b8f-b8d7-a5c3f59d34d8, idFactura=FAC-388624
2026-04-06 10:22:11 - ID DUPLICADO: Duplicado detectado en BD. UUID=4114c219-9375-4b8f-b8d7-a5c3f59d34d8, idFactura=FAC-782623
2026-04-06 10:22:11 - ID DUPLICADO: Duplicado detectado en BD. UUID=4114c219-9375-4b8f-b8d7-a5c3f59d34d8, idFactura=FAC-895774
2026-04-06 10:22:11 - ID DUPLICADO: Duplicado detectado en BD. UUID=4114c219-9375-4b8f-b8d7-a5c3f59d34d8, idFactura=FAC-929503
2026-04-06 10:22:11 - ID DUPLICADO: Duplicado detectado en BD. UUID=4114c219-9375-4b8f-b8d7-a5c3f59d34d8, idFactura=FAC-798770
2026-04-06 10:22:11 - ID DUPLICADO: Duplicado detectado en BD. UUID=4114c219-9375-4b8f-b8d7-a5c3f59d34d8, idFactura=FAC-334265
2026-04-06 10:22:11 - ID DUPLICADO: Duplicado detectado en BD. UUID=4114c219-9375-4b8f-b8d7-a5c3f59d34d8, idFactura=FAC-276019
2026-04-06 10:22:11 - ID DUPLICADO: Duplicado detectado en BD. UUID=4114c219-9375-4b8f-b8d7-a5c3f59d34d8, idFactura=FAC-768644
2026-04-06 10:22:11 - ID DUPLICADO: Duplicado detectado en BD. UUID=4114c219-9375-4b8f-b8d7-a5c3f59d34d8, idFactura=FAC-922270
2026-04-06 10:22:11 - ID DUPLICADO: Duplicado detectado en BD. UUID=4114c219-9375-4b8f-b8d7-a5c3f59d34d8, idFactura=FAC-928727
2026-04-06 10:22:11 - ID DUPLICADO: Duplicado detectado en BD. UUID=4114c219-9375-4b8f-b8d7-a5c3f59d34d8, idFactura=FAC-797916
2026-04-06 10:22:11 - ID DUPLICADO: Duplicado detectado en BD. UUID=4114c219-9375-4b8f-b8d7-a5c3f59d34d8, idFactura=FAC-556729
2026-04-06 10:22:11 - ID DUPLICADO: Duplicado detectado en BD. UUID=4114c219-9375-4b8f-b8d7-a5c3f59d34d8, idFactura=FAC-345242
2026-04-06 10:22:11 - ID DUPLICADO: Duplicado detectado en BD. UUID=4114c219-9375-4b8f-b8d7-a5c3f59d34d8, idFactura=FAC-643926
2026-04-06 10:22:11 - ID DUPLICADO: Duplicado detectado en BD. UUID=4114c219-9375-4b8f-b8d7-a5c3f59d34d8, idFactura=FAC-686001
2026-04-06 10:22:11 - ID DUPLICADO: Duplicado detectado en BD. UUID=4114c219-9375-4b8f-b8d7-a5c3f59d34d8, idFactura=FAC-638602
2026-04-06 10:22:11 - ID DUPLICADO: Duplicado detectado en BD. UUID=4114c219-9375-4b8f-b8d7-a5c3f59d34d8, idFactura=FAC-471732
2026-04-06 10:22:11 - ID DUPLICADO: Duplicado detectado en BD. UUID=4114c219-9375-4b8f-b8d7-a5c3f59d34d8, idFactura=FAC-71872
2026-04-06 10:22:11 - ID DUPLICADO: Duplicado detectado en BD. UUID=4114c219-9375-4b8f-b8d7-a5c3f59d34d8, idFactura=FAC-134543
2026-04-06 10:22:11 - ID DUPLICADO: Duplicado detectado en BD. UUID=4114c219-9375-4b8f-b8d7-a5c3f59d34d8, idFactura=FAC-201802
2026-04-06 10:22:11 - ID DUPLICADO: Duplicado detectado en BD. UUID=4114c219-9375-4b8f-b8d7-a5c3f59d34d8, idFactura=FAC-575129
2026-04-06 10:22:11 - ID DUPLICADO: Duplicado detectado en BD. UUID=4114c219-9375-4b8f-b8d7-a5c3f59d34d8, idFactura=FAC-734675
2026-04-06 10:22:11 - ID DUPLICADO: Duplicado detectado en BD. UUID=4114c219-9375-4b8f-b8d7-a5c3f59d34d8, idFactura=FAC-319939
2026-04-06 10:22:11 - ID DUPLICADO: Duplicado detectado en BD. UUID=4114c219-9375-4b8f-b8d7-a5c3f59d34d8, idFactura=FAC-430261
2026-04-06 10:22:11 - ID DUPLICADO: Duplicado detectado en BD. UUID=4114c219-9375-4b8f-b8d7-a5c3f59d34d8, idFactura=FAC-613790
2026-04-06 10:22:11 - ID DUPLICADO: Duplicado detectado en BD. UUID=4114c219-9375-4b8f-b8d7-a5c3f59d34d8, idFactura=FAC-58508
2026-04-06 10:22:11 - ID DUPLICADO: Duplicado detectado en BD. UUID=4114c219-9375-4b8f-b8d7-a5c3f59d34d8, idFactura=FAC-14704
2026-04-06 10:22:11 - ID DUPLICADO: Duplicado detectado en BD. UUID=4114c219-9375-4b8f-b8d7-a5c3f59d34d8, idFactura=FAC-324589
2026-04-06 10:22:11 - ID DUPLICADO: Duplicado detectado en BD. UUID=4114c219-9375-4b8f-b8d7-a5c3f59d34d8, idFactura=FAC-504556
2026-04-06 10:22:11 - ID DUPLICADO: Duplicado detectado en BD. UUID=4114c219-9375-4b8f-b8d7-a5c3f59d34d8, idFactura=FAC-747251
2026-04-06 10:22:11 - ID DUPLICADO: Duplicado detectado en BD. UUID=4114c219-9375-4b8f-b8d7-a5c3f59d34d8, idFactura=FAC-797672
2026-04-06 10:22:11 - ID DUPLICADO: Duplicado detectado en BD. UUID=4114c219-9375-4b8f-b8d7-a5c3f59d34d8, idFactura=FAC-129767
2026-04-06 10:22:11 - ID DUPLICADO: Duplicado detectado en BD. UUID=4114c219-9375-4b8f-b8d7-a5c3f59d34d8, idFactura=FAC-80808
2026-04-06 10:22:11 - ID DUPLICADO: Duplicado detectado en BD. UUID=4114c219-9375-4b8f-b8d7-a5c3f59d34d8, idFactura=FAC-585757
2026-04-06 10:22:11 - ID DUPLICADO: Duplicado detectado en BD. UUID=4114c219-9375-4b8f-b8d7-a5c3f59d34d8, idFactura=FAC-528263
2026-04-06 10:22:11 - ID DUPLICADO: Duplicado detectado en BD. UUID=4114c219-9375-4b8f-b8d7-a5c3f59d34d8, idFactura=FAC-253102
2026-04-06 10:22:11 - ID DUPLICADO: Duplicado detectado en BD. UUID=4114c219-9375-4b8f-b8d7-a5c3f59d34d8, idFactura=FAC-529230
2026-04-06 10:22:11 - ID DUPLICADO: Duplicado detectado en BD. UUID=4114c219-9375-4b8f-b8d7-a5c3f59d34d8, idFactura=FAC-491963
2026-04-06 10:22:11 - ID DUPLICADO: Duplicado detectado en BD. UUID=4114c219-9375-4b8f-b8d7-a5c3f59d34d8, idFactura=FAC-656798
2026-04-06 10:22:11 - ID DUPLICADO: Duplicado detectado en BD. UUID=4114c219-9375-4b8f-b8d7-a5c3f59d34d8, idFactura=FAC-989684
2026-04-06 10:22:11 - ID DUPLICADO: Duplicado detectado en BD. UUID=4114c219-9375-4b8f-b8d7-a5c3f59d34d8, idFactura=FAC-855796
2026-04-06 10:22:11 - ID DUPLICADO: Duplicado detectado en BD. UUID=4114c219-9375-4b8f-b8d7-a5c3f59d34d8, idFactura=FAC-472905
2026-04-06 10:22:11 - ID DUPLICADO: Duplicado detectado en BD. UUID=4114c219-9375-4b8f-b8d7-a5c3f59d34d8, idFactura=FAC-347252
2026-04-06 10:22:11 - ID DUPLICADO: Duplicado detectado en BD. UUID=4114c219-9375-4b8f-b8d7-a5c3f59d34d8, idFactura=FAC-787147
2026-04-06 10:22:11 - ID DUPLICADO: Duplicado detectado en BD. UUID=4114c219-9375-4b8f-b8d7-a5c3f59d34d8, idFactura=FAC-551193
2026-04-06 10:22:11 - ID DUPLICADO: Duplicado detectado en BD. UUID=4114c219-9375-4b8f-b8d7-a5c3f59d34d8, idFactura=FAC-326814
2026-04-06 10:22:11 - ID DUPLICADO: Duplicado detectado en BD. UUID=4114c219-9375-4b8f-b8d7-a5c3f59d34d8, idFactura=FAC-425586
2026-04-06 10:22:11 - ID DUPLICADO: Duplicado detectado en BD. UUID=4114c219-9375-4b8f-b8d7-a5c3f59d34d8, idFactura=FAC-935491
2026-04-06 10:22:11 - ID DUPLICADO: Duplicado detectado en BD. UUID=4114c219-9375-4b8f-b8d7-a5c3f59d34d8, idFactura=FAC-919283
2026-04-06 10:22:11 - ID DUPLICADO: Duplicado detectado en BD. UUID=4114c219-9375-4b8f-b8d7-a5c3f59d34d8, idFactura=FAC-833450
2026-04-06 10:22:11 - ID DUPLICADO: Duplicado detectado en BD. UUID=4114c219-9375-4b8f-b8d7-a5c3f59d34d8, idFactura=FAC-627245
2026-04-06 10:22:11 - ID DUPLICADO: Duplicado detectado en BD. UUID=4114c219-9375-4b8f-b8d7-a5c3f59d34d8, idFactura=FAC-846330
2026-04-06 10:22:11 - ID DUPLICADO: Duplicado detectado en BD. UUID=4114c219-9375-4b8f-b8d7-a5c3f59d34d8, idFactura=FAC-186596
2026-04-06 10:22:11 - ID DUPLICADO: Duplicado detectado en BD. UUID=4114c219-9375-4b8f-b8d7-a5c3f59d34d8, idFactura=FAC-178878
2026-04-06 10:22:11 - ID DUPLICADO: Duplicado detectado en BD. UUID=4114c219-9375-4b8f-b8d7-a5c3f59d34d8, idFactura=FAC-32175
2026-04-06 10:22:11 - ID DUPLICADO: Duplicado detectado en BD. UUID=4114c219-9375-4b8f-b8d7-a5c3f59d34d8, idFactura=FAC-736739
2026-04-06 10:22:11 - ID DUPLICADO: Duplicado detectado en BD. UUID=4114c219-9375-4b8f-b8d7-a5c3f59d34d8, idFactura=FAC-392263
2026-04-06 10:22:11 - ID DUPLICADO: Duplicado detectado en BD. UUID=4114c219-9375-4b8f-b8d7-a5c3f59d34d8, idFactura=FAC-716209
2026-04-06 10:22:11 - ID DUPLICADO: Duplicado detectado en BD. UUID=4114c219-9375-4b8f-b8d7-a5c3f59d34d8, idFactura=FAC-421381
2026-04-06 10:22:11 - ID DUPLICADO: Duplicado detectado en BD. UUID=4114c219-9375-4b8f-b8d7-a5c3f59d34d8, idFactura=FAC-983046
2026-04-06 10:22:11 - ID DUPLICADO: Duplicado detectado en BD. UUID=4114c219-9375-4b8f-b8d7-a5c3f59d34d8, idFactura=FAC-16121
2026-04-06 10:22:11 - ID DUPLICADO: Duplicado detectado en BD. UUID=4114c219-9375-4b8f-b8d7-a5c3f59d34d8, idFactura=FAC-504012
2026-04-06 10:22:11 - ID DUPLICADO: Duplicado detectado en BD. UUID=4114c219-9375-4b8f-b8d7-a5c3f59d34d8, idFactura=FAC-959019
2026-04-06 10:22:11 - ID DUPLICADO: Duplicado detectado en BD. UUID=4114c219-9375-4b8f-b8d7-a5c3f59d34d8, idFactura=FAC-691017
2026-04-06 10:22:11 - ID DUPLICADO: Duplicado detectado en BD. UUID=4114c219-9375-4b8f-b8d7-a5c3f59d34d8, idFactura=FAC-219559
2026-04-06 10:22:11 - ID DUPLICADO: Duplicado detectado en BD. UUID=4114c219-9375-4b8f-b8d7-a5c3f59d34d8, idFactura=FAC-609132
2026-04-06 10:22:11 - ID DUPLICADO: Duplicado detectado en BD. UUID=4114c219-9375-4b8f-b8d7-a5c3f59d34d8, idFactura=FAC-878424
2026-04-06 10:22:11 - ID DUPLICADO: Duplicado detectado en BD. UUID=4114c219-9375-4b8f-b8d7-a5c3f59d34d8, idFactura=FAC-582169
2026-04-06 10:22:11 - ID DUPLICADO: Duplicado detectado en BD. UUID=4114c219-9375-4b8f-b8d7-a5c3f59d34d8, idFactura=FAC-457523
2026-04-06 10:22:11 - ID DUPLICADO: Duplicado detectado en BD. UUID=4114c219-9375-4b8f-b8d7-a5c3f59d34d8, idFactura=FAC-89101
2026-04-06 10:22:11 - ID DUPLICADO: Duplicado detectado en BD. UUID=4114c219-9375-4b8f-b8d7-a5c3f59d34d8, idFactura=FAC-268739
2026-04-06 10:22:11 - ID DUPLICADO: Duplicado detectado en BD. UUID=4114c219-9375-4b8f-b8d7-a5c3f59d34d8, idFactura=FAC-1793
2026-04-06 10:22:11 - ID DUPLICADO: Duplicado detectado en BD. UUID=4114c219-9375-4b8f-b8d7-a5c3f59d34d8, idFactura=FAC-454535
2026-04-06 10:22:11 - ID DUPLICADO: Duplicado detectado en BD. UUID=4114c219-9375-4b8f-b8d7-a5c3f59d34d8, idFactura=FAC-147867
2026-04-06 10:22:11 - ID DUPLICADO: Duplicado detectado en BD. UUID=4114c219-9375-4b8f-b8d7-a5c3f59d34d8, idFactura=FAC-66041
2026-04-06 10:22:11 - ID DUPLICADO: Duplicado detectado en BD. UUID=4114c219-9375-4b8f-b8d7-a5c3f59d34d8, idFactura=FAC-877647
2026-04-06 10:22:11 - ID DUPLICADO: Duplicado detectado en BD. UUID=4114c219-9375-4b8f-b8d7-a5c3f59d34d8, idFactura=FAC-743569
2026-04-06 10:22:11 - ID DUPLICADO: Duplicado detectado en BD. UUID=4114c219-9375-4b8f-b8d7-a5c3f59d34d8, idFactura=FAC-249378
2026-04-06 10:22:11 - ID DUPLICADO: Duplicado detectado en BD. UUID=4114c219-9375-4b8f-b8d7-a5c3f59d34d8, idFactura=FAC-131484
2026-04-06 10:22:11 - ID DUPLICADO: Duplicado detectado en BD. UUID=4114c219-9375-4b8f-b8d7-a5c3f59d34d8, idFactura=FAC-700787
2026-04-06 10:22:11 - ID DUPLICADO: Duplicado detectado en BD. UUID=4114c219-9375-4b8f-b8d7-a5c3f59d34d8, idFactura=FAC-452374
2026-04-06 10:22:11 - ID DUPLICADO: Duplicado detectado en BD. UUID=4114c219-9375-4b8f-b8d7-a5c3f59d34d8, idFactura=FAC-878731
2026-04-06 10:22:11 - ID DUPLICADO: Duplicado detectado en BD. UUID=4114c219-9375-4b8f-b8d7-a5c3f59d34d8, idFactura=FAC-87970
2026-04-06 10:22:11 - ID DUPLICADO: Duplicado detectado en BD. UUID=4114c219-9375-4b8f-b8d7-a5c3f59d34d8, idFactura=FAC-165213
2026-04-06 10:22:11 - ID DUPLICADO: Duplicado detectado en BD. UUID=4114c219-9375-4b8f-b8d7-a5c3f59d34d8, idFactura=FAC-703707
2026-04-06 10:22:11 - ID DUPLICADO: Duplicado detectado en BD. UUID=4114c219-9375-4b8f-b8d7-a5c3f59d34d8, idFactura=FAC-382860
2026-04-06 10:22:11 - ID DUPLICADO: Duplicado detectado en BD. UUID=4114c219-9375-4b8f-b8d7-a5c3f59d34d8, idFactura=FAC-885275
2026-04-06 10:22:11 - ID DUPLICADO: Duplicado detectado en BD. UUID=4114c219-9375-4b8f-b8d7-a5c3f59d34d8, idFactura=FAC-713563
2026-04-06 10:22:59 - ID DUPLICADO: Duplicado detectado en BD. UUID=4114c219-9375-4b8f-b8d7-a5c3f59d34d8, idFactura=FAC-752713
2026-04-06 10:22:59 - ID DUPLICADO: Duplicado detectado en BD. UUID=4114c219-9375-4b8f-b8d7-a5c3f59d34d8, idFactura=FAC-661335
2026-04-06 10:22:59 - ID DUPLICADO: Duplicado detectado en BD. UUID=4114c219-9375-4b8f-b8d7-a5c3f59d34d8, idFactura=FAC-509850
2026-04-06 10:22:59 - ID DUPLICADO: Duplicado detectado en BD. UUID=4114c219-9375-4b8f-b8d7-a5c3f59d34d8, idFactura=FAC-270041
2026-04-06 10:22:59 - ID DUPLICADO: Duplicado detectado en BD. UUID=4114c219-9375-4b8f-b8d7-a5c3f59d34d8, idFactura=FAC-12340
2026-04-06 10:22:59 - ID DUPLICADO: Duplicado detectado en BD. UUID=4114c219-9375-4b8f-b8d7-a5c3f59d34d8, idFactura=FAC-305362
2026-04-06 10:22:59 - ID DUPLICADO: Duplicado detectado en BD. UUID=4114c219-9375-4b8f-b8d7-a5c3f59d34d8, idFactura=FAC-479888
2026-04-06 10:22:59 - ID DUPLICADO: Duplicado detectado en BD. UUID=4114c219-9375-4b8f-b8d7-a5c3f59d34d8, idFactura=FAC-184229
2026-04-06 10:22:59 - ID DUPLICADO: Duplicado detectado en BD. UUID=4114c219-9375-4b8f-b8d7-a5c3f59d34d8, idFactura=FAC-366850
2026-04-06 10:22:59 - ID DUPLICADO: Duplicado detectado en BD. UUID=4114c219-9375-4b8f-b8d7-a5c3f59d34d8, idFactura=FAC-885267
2026-04-06 10:22:59 - ID DUPLICADO: Duplicado detectado en BD. UUID=4114c219-9375-4b8f-b8d7-a5c3f59d34d8, idFactura=FAC-405188
2026-04-06 10:22:59 - ID DUPLICADO: Duplicado detectado en BD. UUID=4114c219-9375-4b8f-b8d7-a5c3f59d34d8, idFactura=FAC-792775
2026-04-06 10:22:59 - ID DUPLICADO: Duplicado detectado en BD. UUID=4114c219-9375-4b8f-b8d7-a5c3f59d34d8, idFactura=FAC-123859
2026-04-06 10:22:59 - ID DUPLICADO: Duplicado detectado en BD. UUID=4114c219-9375-4b8f-b8d7-a5c3f59d34d8, idFactura=FAC-651435
2026-04-06 10:22:59 - ID DUPLICADO: Duplicado detectado en BD. UUID=4114c219-9375-4b8f-b8d7-a5c3f59d34d8, idFactura=FAC-240873
2026-04-06 10:22:59 - ID DUPLICADO: Duplicado detectado en BD. UUID=4114c219-9375-4b8f-b8d7-a5c3f59d34d8, idFactura=FAC-400163
2026-04-06 10:22:59 - ID DUPLICADO: Duplicado detectado en BD. UUID=4114c219-9375-4b8f-b8d7-a5c3f59d34d8, idFactura=FAC-789922
2026-04-06 10:22:59 - ID DUPLICADO: Duplicado detectado en BD. UUID=4114c219-9375-4b8f-b8d7-a5c3f59d34d8, idFactura=FAC-885704
2026-04-06 10:22:59 - ID DUPLICADO: Duplicado detectado en BD. UUID=4114c219-9375-4b8f-b8d7-a5c3f59d34d8, idFactura=FAC-857683
2026-04-06 10:22:59 - ID DUPLICADO: Duplicado detectado en BD. UUID=4114c219-9375-4b8f-b8d7-a5c3f59d34d8, idFactura=FAC-419116
2026-04-06 10:22:59 - ID DUPLICADO: Duplicado detectado en BD. UUID=4114c219-9375-4b8f-b8d7-a5c3f59d34d8, idFactura=FAC-201446
2026-04-06 10:22:59 - ID DUPLICADO: Duplicado detectado en BD. UUID=4114c219-9375-4b8f-b8d7-a5c3f59d34d8, idFactura=FAC-917218
2026-04-06 10:22:59 - ID DUPLICADO: Duplicado detectado en BD. UUID=4114c219-9375-4b8f-b8d7-a5c3f59d34d8, idFactura=FAC-986342
2026-04-06 10:22:59 - ID DUPLICADO: Duplicado detectado en BD. UUID=4114c219-9375-4b8f-b8d7-a5c3f59d34d8, idFactura=FAC-26197
2026-04-06 10:22:59 - ID DUPLICADO: Duplicado detectado en BD. UUID=4114c219-9375-4b8f-b8d7-a5c3f59d34d8, idFactura=FAC-451482
2026-04-06 10:22:59 - ID DUPLICADO: Duplicado detectado en BD. UUID=4114c219-9375-4b8f-b8d7-a5c3f59d34d8, idFactura=FAC-566717
2026-04-06 10:22:59 - ID DUPLICADO: Duplicado detectado en BD. UUID=4114c219-9375-4b8f-b8d7-a5c3f59d34d8, idFactura=FAC-561419
2026-04-06 10:22:59 - ID DUPLICADO: Duplicado detectado en BD. UUID=4114c219-9375-4b8f-b8d7-a5c3f59d34d8, idFactura=FAC-61838
2026-04-06 10:22:59 - ID DUPLICADO: Duplicado detectado en BD. UUID=4114c219-9375-4b8f-b8d7-a5c3f59d34d8, idFactura=FAC-912520
2026-04-06 10:22:59 - ID DUPLICADO: Duplicado detectado en BD. UUID=4114c219-9375-4b8f-b8d7-a5c3f59d34d8, idFactura=FAC-56632
2026-04-06 10:22:59 - ID DUPLICADO: Duplicado detectado en BD. UUID=4114c219-9375-4b8f-b8d7-a5c3f59d34d8, idFactura=FAC-706903
2026-04-06 10:22:59 - ID DUPLICADO: Duplicado detectado en BD. UUID=4114c219-9375-4b8f-b8d7-a5c3f59d34d8, idFactura=FAC-206531
2026-04-06 10:22:59 - ID DUPLICADO: Duplicado detectado en BD. UUID=4114c219-9375-4b8f-b8d7-a5c3f59d34d8, idFactura=FAC-506935
2026-04-06 10:22:59 - ID DUPLICADO: Duplicado detectado en BD. UUID=4114c219-9375-4b8f-b8d7-a5c3f59d34d8, idFactura=FAC-926879
2026-04-06 10:22:59 - ID DUPLICADO: Duplicado detectado en BD. UUID=4114c219-9375-4b8f-b8d7-a5c3f59d34d8, idFactura=FAC-317362
2026-04-06 10:22:59 - ID DUPLICADO: Duplicado detectado en BD. UUID=4114c219-9375-4b8f-b8d7-a5c3f59d34d8, idFactura=FAC-751009
2026-04-06 10:22:59 - ID DUPLICADO: Duplicado detectado en BD. UUID=4114c219-9375-4b8f-b8d7-a5c3f59d34d8, idFactura=FAC-650012
2026-04-06 10:22:59 - ID DUPLICADO: Duplicado detectado en BD. UUID=4114c219-9375-4b8f-b8d7-a5c3f59d34d8, idFactura=FAC-46564
2026-04-06 10:22:59 - ID DUPLICADO: Duplicado detectado en BD. UUID=4114c219-9375-4b8f-b8d7-a5c3f59d34d8, idFactura=FAC-903839
2026-04-06 10:22:59 - ID DUPLICADO: Duplicado detectado en BD. UUID=4114c219-9375-4b8f-b8d7-a5c3f59d34d8, idFactura=FAC-7428
2026-04-06 10:22:59 - ID DUPLICADO: Duplicado detectado en BD. UUID=4114c219-9375-4b8f-b8d7-a5c3f59d34d8, idFactura=FAC-627996
2026-04-06 10:22:59 - ID DUPLICADO: Duplicado detectado en BD. UUID=4114c219-9375-4b8f-b8d7-a5c3f59d34d8, idFactura=FAC-474993
2026-04-06 10:22:59 - ID DUPLICADO: Duplicado detectado en BD. UUID=4114c219-9375-4b8f-b8d7-a5c3f59d34d8, idFactura=FAC-647099
2026-04-06 10:22:59 - ID DUPLICADO: Duplicado detectado en BD. UUID=4114c219-9375-4b8f-b8d7-a5c3f59d34d8, idFactura=FAC-340264
2026-04-06 10:22:59 - ID DUPLICADO: Duplicado detectado en BD. UUID=4114c219-9375-4b8f-b8d7-a5c3f59d34d8, idFactura=FAC-932242
2026-04-06 10:22:59 - ID DUPLICADO: Duplicado detectado en BD. UUID=4114c219-9375-4b8f-b8d7-a5c3f59d34d8, idFactura=FAC-797318
2026-04-06 10:22:59 - ID DUPLICADO: Duplicado detectado en BD. UUID=4114c219-9375-4b8f-b8d7-a5c3f59d34d8, idFactura=FAC-335713
2026-04-06 10:22:59 - ID DUPLICADO: Duplicado detectado en BD. UUID=4114c219-9375-4b8f-b8d7-a5c3f59d34d8, idFactura=FAC-161230
2026-04-06 10:22:59 - ID DUPLICADO: Duplicado detectado en BD. UUID=4114c219-9375-4b8f-b8d7-a5c3f59d34d8, idFactura=FAC-200210
2026-04-06 10:22:59 - ID DUPLICADO: Duplicado detectado en BD. UUID=4114c219-9375-4b8f-b8d7-a5c3f59d34d8, idFactura=FAC-143340
2026-04-06 10:22:59 - ID DUPLICADO: Duplicado detectado en BD. UUID=4114c219-9375-4b8f-b8d7-a5c3f59d34d8, idFactura=FAC-823128
2026-04-06 10:22:59 - ID DUPLICADO: Duplicado detectado en BD. UUID=4114c219-9375-4b8f-b8d7-a5c3f59d34d8, idFactura=FAC-472422
2026-04-06 10:22:59 - ID DUPLICADO: Duplicado detectado en BD. UUID=4114c219-9375-4b8f-b8d7-a5c3f59d34d8, idFactura=FAC-61957
2026-04-06 10:22:59 - ID DUPLICADO: Duplicado detectado en BD. UUID=4114c219-9375-4b8f-b8d7-a5c3f59d34d8, idFactura=FAC-16129
2026-04-06 10:22:59 - ID DUPLICADO: Duplicado detectado en BD. UUID=4114c219-9375-4b8f-b8d7-a5c3f59d34d8, idFactura=FAC-49584
2026-04-06 10:22:59 - ID DUPLICADO: Duplicado detectado en BD. UUID=4114c219-9375-4b8f-b8d7-a5c3f59d34d8, idFactura=FAC-448107
2026-04-06 10:22:59 - ID DUPLICADO: Duplicado detectado en BD. UUID=4114c219-9375-4b8f-b8d7-a5c3f59d34d8, idFactura=FAC-609433
2026-04-06 10:22:59 - ID DUPLICADO: Duplicado detectado en BD. UUID=4114c219-9375-4b8f-b8d7-a5c3f59d34d8, idFactura=FAC-271524
2026-04-06 10:22:59 - ID DUPLICADO: Duplicado detectado en BD. UUID=4114c219-9375-4b8f-b8d7-a5c3f59d34d8, idFactura=FAC-480565
2026-04-06 10:22:59 - ID DUPLICADO: Duplicado detectado en BD. UUID=4114c219-9375-4b8f-b8d7-a5c3f59d34d8, idFactura=FAC-238323
2026-04-06 10:22:59 - ID DUPLICADO: Duplicado detectado en BD. UUID=4114c219-9375-4b8f-b8d7-a5c3f59d34d8, idFactura=FAC-943341
2026-04-06 10:22:59 - ID DUPLICADO: Duplicado detectado en BD. UUID=4114c219-9375-4b8f-b8d7-a5c3f59d34d8, idFactura=FAC-467502
2026-04-06 10:22:59 - ID DUPLICADO: Duplicado detectado en BD. UUID=4114c219-9375-4b8f-b8d7-a5c3f59d34d8, idFactura=FAC-865634
2026-04-06 10:22:59 - ID DUPLICADO: Duplicado detectado en BD. UUID=4114c219-9375-4b8f-b8d7-a5c3f59d34d8, idFactura=FAC-22644
2026-04-06 10:22:59 - ID DUPLICADO: Duplicado detectado en BD. UUID=4114c219-9375-4b8f-b8d7-a5c3f59d34d8, idFactura=FAC-461922
2026-04-06 10:22:59 - ID DUPLICADO: Duplicado detectado en BD. UUID=4114c219-9375-4b8f-b8d7-a5c3f59d34d8, idFactura=FAC-701906
2026-04-06 10:22:59 - ID DUPLICADO: Duplicado detectado en BD. UUID=4114c219-9375-4b8f-b8d7-a5c3f59d34d8, idFactura=FAC-621979
2026-04-06 10:22:59 - ID DUPLICADO: Duplicado detectado en BD. UUID=4114c219-9375-4b8f-b8d7-a5c3f59d34d8, idFactura=FAC-744970
2026-04-06 10:22:59 - ID DUPLICADO: Duplicado detectado en BD. UUID=4114c219-9375-4b8f-b8d7-a5c3f59d34d8, idFactura=FAC-846238
2026-04-06 10:22:59 - ID DUPLICADO: Duplicado detectado en BD. UUID=4114c219-9375-4b8f-b8d7-a5c3f59d34d8, idFactura=FAC-254434
2026-04-06 10:22:59 - ID DUPLICADO: Duplicado detectado en BD. UUID=4114c219-9375-4b8f-b8d7-a5c3f59d34d8, idFactura=FAC-969828
2026-04-06 10:22:59 - ID DUPLICADO: Duplicado detectado en BD. UUID=4114c219-9375-4b8f-b8d7-a5c3f59d34d8, idFactura=FAC-529665
2026-04-06 10:22:59 - ID DUPLICADO: Duplicado detectado en BD. UUID=4114c219-9375-4b8f-b8d7-a5c3f59d34d8, idFactura=FAC-774307
2026-04-06 10:22:59 - ID DUPLICADO: Duplicado detectado en BD. UUID=4114c219-9375-4b8f-b8d7-a5c3f59d34d8, idFactura=FAC-394204
2026-04-06 10:22:59 - ID DUPLICADO: Duplicado detectado en BD. UUID=4114c219-9375-4b8f-b8d7-a5c3f59d34d8, idFactura=FAC-596556
2026-04-06 10:22:59 - ID DUPLICADO: Duplicado detectado en BD. UUID=4114c219-9375-4b8f-b8d7-a5c3f59d34d8, idFactura=FAC-700681
2026-04-06 10:22:59 - ID DUPLICADO: Duplicado detectado en BD. UUID=4114c219-9375-4b8f-b8d7-a5c3f59d34d8, idFactura=FAC-638658
2026-04-06 10:22:59 - ID DUPLICADO: Duplicado detectado en BD. UUID=4114c219-9375-4b8f-b8d7-a5c3f59d34d8, idFactura=FAC-329213
2026-04-06 10:22:59 - ID DUPLICADO: Duplicado detectado en BD. UUID=4114c219-9375-4b8f-b8d7-a5c3f59d34d8, idFactura=FAC-68089
2026-04-06 10:22:59 - ID DUPLICADO: Duplicado detectado en BD. UUID=4114c219-9375-4b8f-b8d7-a5c3f59d34d8, idFactura=FAC-156925
2026-04-06 10:22:59 - ID DUPLICADO: Duplicado detectado en BD. UUID=4114c219-9375-4b8f-b8d7-a5c3f59d34d8, idFactura=FAC-595528
2026-04-06 10:22:59 - ID DUPLICADO: Duplicado detectado en BD. UUID=4114c219-9375-4b8f-b8d7-a5c3f59d34d8, idFactura=FAC-254793
2026-04-06 10:22:59 - ID DUPLICADO: Duplicado detectado en BD. UUID=4114c219-9375-4b8f-b8d7-a5c3f59d34d8, idFactura=FAC-49042
2026-04-06 10:22:59 - ID DUPLICADO: Duplicado detectado en BD. UUID=4114c219-9375-4b8f-b8d7-a5c3f59d34d8, idFactura=FAC-953290
2026-04-06 10:22:59 - ID DUPLICADO: Duplicado detectado en BD. UUID=4114c219-9375-4b8f-b8d7-a5c3f59d34d8, idFactura=FAC-690895
2026-04-06 10:22:59 - ID DUPLICADO: Duplicado detectado en BD. UUID=4114c219-9375-4b8f-b8d7-a5c3f59d34d8, idFactura=FAC-773434
2026-04-06 10:22:59 - ID DUPLICADO: Duplicado detectado en BD. UUID=4114c219-9375-4b8f-b8d7-a5c3f59d34d8, idFactura=FAC-897096
2026-04-06 10:22:59 - ID DUPLICADO: Duplicado detectado en BD. UUID=4114c219-9375-4b8f-b8d7-a5c3f59d34d8, idFactura=FAC-254832
2026-04-06 10:22:59 - ID DUPLICADO: Duplicado detectado en BD. UUID=4114c219-9375-4b8f-b8d7-a5c3f59d34d8, idFactura=FAC-563312
2026-04-06 10:22:59 - ID DUPLICADO: Duplicado detectado en BD. UUID=4114c219-9375-4b8f-b8d7-a5c3f59d34d8, idFactura=FAC-304628
2026-04-06 10:22:59 - ID DUPLICADO: Duplicado detectado en BD. UUID=4114c219-9375-4b8f-b8d7-a5c3f59d34d8, idFactura=FAC-278571
2026-04-06 10:22:59 - ID DUPLICADO: Duplicado detectado en BD. UUID=4114c219-9375-4b8f-b8d7-a5c3f59d34d8, idFactura=FAC-619970
2026-04-06 10:22:59 - ID DUPLICADO: Duplicado detectado en BD. UUID=4114c219-9375-4b8f-b8d7-a5c3f59d34d8, idFactura=FAC-988693
2026-04-06 10:22:59 - ID DUPLICADO: Duplicado detectado en BD. UUID=4114c219-9375-4b8f-b8d7-a5c3f59d34d8, idFactura=FAC-410360
2026-04-06 10:22:59 - ID DUPLICADO: Duplicado detectado en BD. UUID=4114c219-9375-4b8f-b8d7-a5c3f59d34d8, idFactura=FAC-977403
2026-04-06 10:22:59 - ID DUPLICADO: Duplicado detectado en BD. UUID=4114c219-9375-4b8f-b8d7-a5c3f59d34d8, idFactura=FAC-539582
2026-04-06 10:22:59 - ID DUPLICADO: Duplicado detectado en BD. UUID=4114c219-9375-4b8f-b8d7-a5c3f59d34d8, idFactura=FAC-572711
2026-04-06 10:22:59 - ID DUPLICADO: Duplicado detectado en BD. UUID=4114c219-9375-4b8f-b8d7-a5c3f59d34d8, idFactura=FAC-152315
2026-04-06 10:22:59 - ID DUPLICADO: Duplicado detectado en BD. UUID=4114c219-9375-4b8f-b8d7-a5c3f59d34d8, idFactura=FAC-272679
2026-04-06 10:42:41 - ID DUPLICADO: Duplicado detectado en BD. UUID=4114c219-9375-4b8f-b8d7-a5c3f59d34d8, idFactura=FAC-364555
2026-04-06 10:42:41 - ID DUPLICADO: Duplicado detectado en BD. UUID=4114c219-9375-4b8f-b8d7-a5c3f59d34d8, idFactura=FAC-543905
2026-04-06 10:42:41 - ID DUPLICADO: Duplicado detectado en BD. UUID=4114c219-9375-4b8f-b8d7-a5c3f59d34d8, idFactura=FAC-38148
2026-04-06 10:42:41 - ID DUPLICADO: Duplicado detectado en BD. UUID=4114c219-9375-4b8f-b8d7-a5c3f59d34d8, idFactura=FAC-213101
2026-04-06 10:42:41 - ID DUPLICADO: Duplicado detectado en BD. UUID=4114c219-9375-4b8f-b8d7-a5c3f59d34d8, idFactura=FAC-886941
2026-04-06 10:42:41 - ID DUPLICADO: Duplicado detectado en BD. UUID=4114c219-9375-4b8f-b8d7-a5c3f59d34d8, idFactura=FAC-457371
2026-04-06 10:42:41 - ID DUPLICADO: Duplicado detectado en BD. UUID=4114c219-9375-4b8f-b8d7-a5c3f59d34d8, idFactura=FAC-183407
2026-04-06 10:42:41 - ID DUPLICADO: Duplicado detectado en BD. UUID=4114c219-9375-4b8f-b8d7-a5c3f59d34d8, idFactura=FAC-92976
2026-04-06 10:42:41 - ID DUPLICADO: Duplicado detectado en BD. UUID=4114c219-9375-4b8f-b8d7-a5c3f59d34d8, idFactura=FAC-352623
2026-04-06 10:42:41 - ID DUPLICADO: Duplicado detectado en BD. UUID=4114c219-9375-4b8f-b8d7-a5c3f59d34d8, idFactura=FAC-95281
2026-04-06 10:42:41 - ID DUPLICADO: Duplicado detectado en BD. UUID=4114c219-9375-4b8f-b8d7-a5c3f59d34d8, idFactura=FAC-789970
2026-04-06 10:42:41 - ID DUPLICADO: Duplicado detectado en BD. UUID=4114c219-9375-4b8f-b8d7-a5c3f59d34d8, idFactura=FAC-329902
2026-04-06 10:42:41 - ID DUPLICADO: Duplicado detectado en BD. UUID=4114c219-9375-4b8f-b8d7-a5c3f59d34d8, idFactura=FAC-433604
2026-04-06 10:42:41 - ID DUPLICADO: Duplicado detectado en BD. UUID=4114c219-9375-4b8f-b8d7-a5c3f59d34d8, idFactura=FAC-901646
2026-04-06 10:42:41 - ID DUPLICADO: Duplicado detectado en BD. UUID=4114c219-9375-4b8f-b8d7-a5c3f59d34d8, idFactura=FAC-751592
2026-04-06 10:42:41 - ID DUPLICADO: Duplicado detectado en BD. UUID=4114c219-9375-4b8f-b8d7-a5c3f59d34d8, idFactura=FAC-985165
2026-04-06 10:42:41 - ID DUPLICADO: Duplicado detectado en BD. UUID=4114c219-9375-4b8f-b8d7-a5c3f59d34d8, idFactura=FAC-534334
2026-04-06 10:42:41 - ID DUPLICADO: Duplicado detectado en BD. UUID=4114c219-9375-4b8f-b8d7-a5c3f59d34d8, idFactura=FAC-652820
2026-04-06 10:42:41 - ID DUPLICADO: Duplicado detectado en BD. UUID=4114c219-9375-4b8f-b8d7-a5c3f59d34d8, idFactura=FAC-174309
2026-04-06 10:42:41 - ID DUPLICADO: Duplicado detectado en BD. UUID=4114c219-9375-4b8f-b8d7-a5c3f59d34d8, idFactura=FAC-78015
2026-04-06 10:42:41 - ID DUPLICADO: Duplicado detectado en BD. UUID=4114c219-9375-4b8f-b8d7-a5c3f59d34d8, idFactura=FAC-83215
2026-04-06 10:42:41 - ID DUPLICADO: Duplicado detectado en BD. UUID=4114c219-9375-4b8f-b8d7-a5c3f59d34d8, idFactura=FAC-444211
2026-04-06 10:42:41 - ID DUPLICADO: Duplicado detectado en BD. UUID=4114c219-9375-4b8f-b8d7-a5c3f59d34d8, idFactura=FAC-616043
2026-04-06 10:42:41 - ID DUPLICADO: Duplicado detectado en BD. UUID=4114c219-9375-4b8f-b8d7-a5c3f59d34d8, idFactura=FAC-602819
2026-04-06 10:42:41 - ID DUPLICADO: Duplicado detectado en BD. UUID=4114c219-9375-4b8f-b8d7-a5c3f59d34d8, idFactura=FAC-638621
2026-04-06 10:42:41 - ID DUPLICADO: Duplicado detectado en BD. UUID=4114c219-9375-4b8f-b8d7-a5c3f59d34d8, idFactura=FAC-595841
2026-04-06 10:42:41 - ID DUPLICADO: Duplicado detectado en BD. UUID=4114c219-9375-4b8f-b8d7-a5c3f59d34d8, idFactura=FAC-897261
2026-04-06 10:42:41 - ID DUPLICADO: Duplicado detectado en BD. UUID=4114c219-9375-4b8f-b8d7-a5c3f59d34d8, idFactura=FAC-222689
2026-04-06 10:42:41 - ID DUPLICADO: Duplicado detectado en BD. UUID=4114c219-9375-4b8f-b8d7-a5c3f59d34d8, idFactura=FAC-674302
2026-04-06 10:42:41 - ID DUPLICADO: Duplicado detectado en BD. UUID=4114c219-9375-4b8f-b8d7-a5c3f59d34d8, idFactura=FAC-593217
2026-04-06 10:42:41 - ID DUPLICADO: Duplicado detectado en BD. UUID=4114c219-9375-4b8f-b8d7-a5c3f59d34d8, idFactura=FAC-985222
2026-04-06 10:42:41 - ID DUPLICADO: Duplicado detectado en BD. UUID=4114c219-9375-4b8f-b8d7-a5c3f59d34d8, idFactura=FAC-343985
2026-04-06 10:42:41 - ID DUPLICADO: Duplicado detectado en BD. UUID=4114c219-9375-4b8f-b8d7-a5c3f59d34d8, idFactura=FAC-984577
2026-04-06 10:42:41 - ID DUPLICADO: Duplicado detectado en BD. UUID=4114c219-9375-4b8f-b8d7-a5c3f59d34d8, idFactura=FAC-827014
2026-04-06 10:42:41 - ID DUPLICADO: Duplicado detectado en BD. UUID=4114c219-9375-4b8f-b8d7-a5c3f59d34d8, idFactura=FAC-445704
2026-04-06 10:42:41 - ID DUPLICADO: Duplicado detectado en BD. UUID=4114c219-9375-4b8f-b8d7-a5c3f59d34d8, idFactura=FAC-349015
2026-04-06 10:42:41 - ID DUPLICADO: Duplicado detectado en BD. UUID=4114c219-9375-4b8f-b8d7-a5c3f59d34d8, idFactura=FAC-308645
2026-04-06 10:42:41 - ID DUPLICADO: Duplicado detectado en BD. UUID=4114c219-9375-4b8f-b8d7-a5c3f59d34d8, idFactura=FAC-934642
2026-04-06 10:42:41 - ID DUPLICADO: Duplicado detectado en BD. UUID=4114c219-9375-4b8f-b8d7-a5c3f59d34d8, idFactura=FAC-677787
2026-04-06 10:42:41 - ID DUPLICADO: Duplicado detectado en BD. UUID=4114c219-9375-4b8f-b8d7-a5c3f59d34d8, idFactura=FAC-414159
2026-04-06 10:42:41 - ID DUPLICADO: Duplicado detectado en BD. UUID=4114c219-9375-4b8f-b8d7-a5c3f59d34d8, idFactura=FAC-360983
2026-04-06 10:42:41 - ID DUPLICADO: Duplicado detectado en BD. UUID=4114c219-9375-4b8f-b8d7-a5c3f59d34d8, idFactura=FAC-310757
2026-04-06 10:42:41 - ID DUPLICADO: Duplicado detectado en BD. UUID=4114c219-9375-4b8f-b8d7-a5c3f59d34d8, idFactura=FAC-811765
2026-04-06 10:42:41 - ID DUPLICADO: Duplicado detectado en BD. UUID=4114c219-9375-4b8f-b8d7-a5c3f59d34d8, idFactura=FAC-256792
2026-04-06 10:42:41 - ID DUPLICADO: Duplicado detectado en BD. UUID=4114c219-9375-4b8f-b8d7-a5c3f59d34d8, idFactura=FAC-197558
2026-04-06 10:42:41 - ID DUPLICADO: Duplicado detectado en BD. UUID=4114c219-9375-4b8f-b8d7-a5c3f59d34d8, idFactura=FAC-485445
2026-04-06 10:42:41 - ID DUPLICADO: Duplicado detectado en BD. UUID=4114c219-9375-4b8f-b8d7-a5c3f59d34d8, idFactura=FAC-191581
2026-04-06 10:42:41 - ID DUPLICADO: Duplicado detectado en BD. UUID=4114c219-9375-4b8f-b8d7-a5c3f59d34d8, idFactura=FAC-345238
2026-04-06 10:42:41 - ID DUPLICADO: Duplicado detectado en BD. UUID=4114c219-9375-4b8f-b8d7-a5c3f59d34d8, idFactura=FAC-216275
2026-04-06 10:42:41 - ID DUPLICADO: Duplicado detectado en BD. UUID=4114c219-9375-4b8f-b8d7-a5c3f59d34d8, idFactura=FAC-862976
2026-04-06 10:42:41 - ID DUPLICADO: Duplicado detectado en BD. UUID=4114c219-9375-4b8f-b8d7-a5c3f59d34d8, idFactura=FAC-231332
2026-04-06 10:42:41 - ID DUPLICADO: Duplicado detectado en BD. UUID=4114c219-9375-4b8f-b8d7-a5c3f59d34d8, idFactura=FAC-257950
2026-04-06 10:42:41 - ID DUPLICADO: Duplicado detectado en BD. UUID=4114c219-9375-4b8f-b8d7-a5c3f59d34d8, idFactura=FAC-797176
2026-04-06 10:42:41 - ID DUPLICADO: Duplicado detectado en BD. UUID=4114c219-9375-4b8f-b8d7-a5c3f59d34d8, idFactura=FAC-322473
2026-04-06 10:42:41 - ID DUPLICADO: Duplicado detectado en BD. UUID=4114c219-9375-4b8f-b8d7-a5c3f59d34d8, idFactura=FAC-813523
2026-04-06 10:42:41 - ID DUPLICADO: Duplicado detectado en BD. UUID=4114c219-9375-4b8f-b8d7-a5c3f59d34d8, idFactura=FAC-175708
2026-04-06 10:42:41 - ID DUPLICADO: Duplicado detectado en BD. UUID=4114c219-9375-4b8f-b8d7-a5c3f59d34d8, idFactura=FAC-355460
2026-04-06 10:42:41 - ID DUPLICADO: Duplicado detectado en BD. UUID=4114c219-9375-4b8f-b8d7-a5c3f59d34d8, idFactura=FAC-401726
2026-04-06 10:42:41 - ID DUPLICADO: Duplicado detectado en BD. UUID=4114c219-9375-4b8f-b8d7-a5c3f59d34d8, idFactura=FAC-790306
2026-04-06 10:42:41 - ID DUPLICADO: Duplicado detectado en BD. UUID=4114c219-9375-4b8f-b8d7-a5c3f59d34d8, idFactura=FAC-417047
2026-04-06 10:42:41 - ID DUPLICADO: Duplicado detectado en BD. UUID=4114c219-9375-4b8f-b8d7-a5c3f59d34d8, idFactura=FAC-143426
2026-04-06 10:42:41 - ID DUPLICADO: Duplicado detectado en BD. UUID=4114c219-9375-4b8f-b8d7-a5c3f59d34d8, idFactura=FAC-412923
2026-04-06 10:42:41 - ID DUPLICADO: Duplicado detectado en BD. UUID=4114c219-9375-4b8f-b8d7-a5c3f59d34d8, idFactura=FAC-91299
2026-04-06 10:42:41 - ID DUPLICADO: Duplicado detectado en BD. UUID=4114c219-9375-4b8f-b8d7-a5c3f59d34d8, idFactura=FAC-860401
2026-04-06 10:42:41 - ID DUPLICADO: Duplicado detectado en BD. UUID=4114c219-9375-4b8f-b8d7-a5c3f59d34d8, idFactura=FAC-77000
2026-04-06 10:42:41 - ID DUPLICADO: Duplicado detectado en BD. UUID=4114c219-9375-4b8f-b8d7-a5c3f59d34d8, idFactura=FAC-194353
2026-04-06 10:42:41 - ID DUPLICADO: Duplicado detectado en BD. UUID=4114c219-9375-4b8f-b8d7-a5c3f59d34d8, idFactura=FAC-925032
2026-04-06 10:42:41 - ID DUPLICADO: Duplicado detectado en BD. UUID=4114c219-9375-4b8f-b8d7-a5c3f59d34d8, idFactura=FAC-882011
2026-04-06 10:42:41 - ID DUPLICADO: Duplicado detectado en BD. UUID=4114c219-9375-4b8f-b8d7-a5c3f59d34d8, idFactura=FAC-678722
2026-04-06 10:42:41 - ID DUPLICADO: Duplicado detectado en BD. UUID=4114c219-9375-4b8f-b8d7-a5c3f59d34d8, idFactura=FAC-735478
2026-04-06 10:42:41 - ID DUPLICADO: Duplicado detectado en BD. UUID=4114c219-9375-4b8f-b8d7-a5c3f59d34d8, idFactura=FAC-200946
2026-04-06 10:42:41 - ID DUPLICADO: Duplicado detectado en BD. UUID=4114c219-9375-4b8f-b8d7-a5c3f59d34d8, idFactura=FAC-287989
2026-04-06 10:42:41 - ID DUPLICADO: Duplicado detectado en BD. UUID=4114c219-9375-4b8f-b8d7-a5c3f59d34d8, idFactura=FAC-801242
2026-04-06 10:42:41 - ID DUPLICADO: Duplicado detectado en BD. UUID=4114c219-9375-4b8f-b8d7-a5c3f59d34d8, idFactura=FAC-584657
2026-04-06 10:42:41 - ID DUPLICADO: Duplicado detectado en BD. UUID=4114c219-9375-4b8f-b8d7-a5c3f59d34d8, idFactura=FAC-977547
2026-04-06 10:42:41 - ID DUPLICADO: Duplicado detectado en BD. UUID=4114c219-9375-4b8f-b8d7-a5c3f59d34d8, idFactura=FAC-714882
2026-04-06 10:42:41 - ID DUPLICADO: Duplicado detectado en BD. UUID=4114c219-9375-4b8f-b8d7-a5c3f59d34d8, idFactura=FAC-526111
2026-04-06 10:42:41 - ID DUPLICADO: Duplicado detectado en BD. UUID=4114c219-9375-4b8f-b8d7-a5c3f59d34d8, idFactura=FAC-317666
2026-04-06 10:42:41 - ID DUPLICADO: Duplicado detectado en BD. UUID=4114c219-9375-4b8f-b8d7-a5c3f59d34d8, idFactura=FAC-533923
2026-04-06 10:42:41 - ID DUPLICADO: Duplicado detectado en BD. UUID=4114c219-9375-4b8f-b8d7-a5c3f59d34d8, idFactura=FAC-225727
2026-04-06 10:42:41 - ID DUPLICADO: Duplicado detectado en BD. UUID=4114c219-9375-4b8f-b8d7-a5c3f59d34d8, idFactura=FAC-913420
2026-04-06 10:42:41 - ID DUPLICADO: Duplicado detectado en BD. UUID=4114c219-9375-4b8f-b8d7-a5c3f59d34d8, idFactura=FAC-827151
2026-04-06 10:42:41 - ID DUPLICADO: Duplicado detectado en BD. UUID=4114c219-9375-4b8f-b8d7-a5c3f59d34d8, idFactura=FAC-619946
2026-04-06 10:42:41 - ID DUPLICADO: Duplicado detectado en BD. UUID=4114c219-9375-4b8f-b8d7-a5c3f59d34d8, idFactura=FAC-756504
2026-04-06 10:42:41 - ID DUPLICADO: Duplicado detectado en BD. UUID=4114c219-9375-4b8f-b8d7-a5c3f59d34d8, idFactura=FAC-1777
2026-04-06 10:42:41 - ID DUPLICADO: Duplicado detectado en BD. UUID=4114c219-9375-4b8f-b8d7-a5c3f59d34d8, idFactura=FAC-176046
2026-04-06 10:42:41 - ID DUPLICADO: Duplicado detectado en BD. UUID=4114c219-9375-4b8f-b8d7-a5c3f59d34d8, idFactura=FAC-277027
2026-04-06 10:42:41 - ID DUPLICADO: Duplicado detectado en BD. UUID=4114c219-9375-4b8f-b8d7-a5c3f59d34d8, idFactura=FAC-403787
2026-04-06 10:42:41 - ID DUPLICADO: Duplicado detectado en BD. UUID=4114c219-9375-4b8f-b8d7-a5c3f59d34d8, idFactura=FAC-105816
2026-04-06 10:42:41 - ID DUPLICADO: Duplicado detectado en BD. UUID=4114c219-9375-4b8f-b8d7-a5c3f59d34d8, idFactura=FAC-927843
2026-04-06 10:42:41 - ID DUPLICADO: Duplicado detectado en BD. UUID=4114c219-9375-4b8f-b8d7-a5c3f59d34d8, idFactura=FAC-113807
2026-04-06 10:42:41 - ID DUPLICADO: Duplicado detectado en BD. UUID=4114c219-9375-4b8f-b8d7-a5c3f59d34d8, idFactura=FAC-121573
2026-04-06 10:42:41 - ID DUPLICADO: Duplicado detectado en BD. UUID=4114c219-9375-4b8f-b8d7-a5c3f59d34d8, idFactura=FAC-17743
2026-04-06 10:42:41 - ID DUPLICADO: Duplicado detectado en BD. UUID=4114c219-9375-4b8f-b8d7-a5c3f59d34d8, idFactura=FAC-688699
2026-04-06 10:42:41 - ID DUPLICADO: Duplicado detectado en BD. UUID=4114c219-9375-4b8f-b8d7-a5c3f59d34d8, idFactura=FAC-360304
2026-04-06 10:42:41 - ID DUPLICADO: Duplicado detectado en BD. UUID=4114c219-9375-4b8f-b8d7-a5c3f59d34d8, idFactura=FAC-929870
2026-04-06 10:42:41 - ID DUPLICADO: Duplicado detectado en BD. UUID=4114c219-9375-4b8f-b8d7-a5c3f59d34d8, idFactura=FAC-849420
2026-04-06 10:42:41 - ID DUPLICADO: Duplicado detectado en BD. UUID=4114c219-9375-4b8f-b8d7-a5c3f59d34d8, idFactura=FAC-26754
2026-04-06 10:42:41 - ID DUPLICADO: Duplicado detectado en BD. UUID=4114c219-9375-4b8f-b8d7-a5c3f59d34d8, idFactura=FAC-173428
2026-04-06 10:43:32 - ID DUPLICADO: Duplicado detectado en BD. UUID=4114c219-9375-4b8f-b8d7-a5c3f59d34d8, idFactura=FAC-164364
2026-04-06 10:43:32 - ID DUPLICADO: Duplicado detectado en BD. UUID=4114c219-9375-4b8f-b8d7-a5c3f59d34d8, idFactura=FAC-83416
2026-04-06 10:43:32 - ID DUPLICADO: Duplicado detectado en BD. UUID=4114c219-9375-4b8f-b8d7-a5c3f59d34d8, idFactura=FAC-566441
2026-04-06 10:43:32 - ID DUPLICADO: Duplicado detectado en BD. UUID=4114c219-9375-4b8f-b8d7-a5c3f59d34d8, idFactura=FAC-64681
2026-04-06 10:43:32 - ID DUPLICADO: Duplicado detectado en BD. UUID=4114c219-9375-4b8f-b8d7-a5c3f59d34d8, idFactura=FAC-811782
2026-04-06 10:43:32 - ID DUPLICADO: Duplicado detectado en BD. UUID=4114c219-9375-4b8f-b8d7-a5c3f59d34d8, idFactura=FAC-492515
2026-04-06 10:43:32 - ID DUPLICADO: Duplicado detectado en BD. UUID=4114c219-9375-4b8f-b8d7-a5c3f59d34d8, idFactura=FAC-338877
2026-04-06 10:43:32 - ID DUPLICADO: Duplicado detectado en BD. UUID=4114c219-9375-4b8f-b8d7-a5c3f59d34d8, idFactura=FAC-819809
2026-04-06 10:43:32 - ID DUPLICADO: Duplicado detectado en BD. UUID=4114c219-9375-4b8f-b8d7-a5c3f59d34d8, idFactura=FAC-688868
2026-04-06 10:43:32 - ID DUPLICADO: Duplicado detectado en BD. UUID=4114c219-9375-4b8f-b8d7-a5c3f59d34d8, idFactura=FAC-103558
2026-04-06 10:43:32 - ID DUPLICADO: Duplicado detectado en BD. UUID=4114c219-9375-4b8f-b8d7-a5c3f59d34d8, idFactura=FAC-824207
2026-04-06 10:43:32 - ID DUPLICADO: Duplicado detectado en BD. UUID=4114c219-9375-4b8f-b8d7-a5c3f59d34d8, idFactura=FAC-742070
2026-04-06 10:43:32 - ID DUPLICADO: Duplicado detectado en BD. UUID=4114c219-9375-4b8f-b8d7-a5c3f59d34d8, idFactura=FAC-499003
2026-04-06 10:43:32 - ID DUPLICADO: Duplicado detectado en BD. UUID=4114c219-9375-4b8f-b8d7-a5c3f59d34d8, idFactura=FAC-616355
2026-04-06 10:43:32 - ID DUPLICADO: Duplicado detectado en BD. UUID=4114c219-9375-4b8f-b8d7-a5c3f59d34d8, idFactura=FAC-315830
2026-04-06 10:43:32 - ID DUPLICADO: Duplicado detectado en BD. UUID=4114c219-9375-4b8f-b8d7-a5c3f59d34d8, idFactura=FAC-426436
2026-04-06 10:43:32 - ID DUPLICADO: Duplicado detectado en BD. UUID=4114c219-9375-4b8f-b8d7-a5c3f59d34d8, idFactura=FAC-214932
2026-04-06 10:43:32 - ID DUPLICADO: Duplicado detectado en BD. UUID=4114c219-9375-4b8f-b8d7-a5c3f59d34d8, idFactura=FAC-783592
2026-04-06 10:43:32 - ID DUPLICADO: Duplicado detectado en BD. UUID=4114c219-9375-4b8f-b8d7-a5c3f59d34d8, idFactura=FAC-66212
2026-04-06 10:43:32 - ID DUPLICADO: Duplicado detectado en BD. UUID=4114c219-9375-4b8f-b8d7-a5c3f59d34d8, idFactura=FAC-270747
2026-04-06 10:43:32 - ID DUPLICADO: Duplicado detectado en BD. UUID=4114c219-9375-4b8f-b8d7-a5c3f59d34d8, idFactura=FAC-773486
2026-04-06 10:43:32 - ID DUPLICADO: Duplicado detectado en BD. UUID=4114c219-9375-4b8f-b8d7-a5c3f59d34d8, idFactura=FAC-493712
2026-04-06 10:43:32 - ID DUPLICADO: Duplicado detectado en BD. UUID=4114c219-9375-4b8f-b8d7-a5c3f59d34d8, idFactura=FAC-578631
2026-04-06 10:43:32 - ID DUPLICADO: Duplicado detectado en BD. UUID=4114c219-9375-4b8f-b8d7-a5c3f59d34d8, idFactura=FAC-567767
2026-04-06 10:43:32 - ID DUPLICADO: Duplicado detectado en BD. UUID=4114c219-9375-4b8f-b8d7-a5c3f59d34d8, idFactura=FAC-570463
2026-04-06 10:43:32 - ID DUPLICADO: Duplicado detectado en BD. UUID=4114c219-9375-4b8f-b8d7-a5c3f59d34d8, idFactura=FAC-414416
2026-04-06 10:43:32 - ID DUPLICADO: Duplicado detectado en BD. UUID=4114c219-9375-4b8f-b8d7-a5c3f59d34d8, idFactura=FAC-55262
2026-04-06 10:43:32 - ID DUPLICADO: Duplicado detectado en BD. UUID=4114c219-9375-4b8f-b8d7-a5c3f59d34d8, idFactura=FAC-364818
2026-04-06 10:43:32 - ID DUPLICADO: Duplicado detectado en BD. UUID=4114c219-9375-4b8f-b8d7-a5c3f59d34d8, idFactura=FAC-546360
2026-04-06 10:43:32 - ID DUPLICADO: Duplicado detectado en BD. UUID=4114c219-9375-4b8f-b8d7-a5c3f59d34d8, idFactura=FAC-935122
2026-04-06 10:43:32 - ID DUPLICADO: Duplicado detectado en BD. UUID=4114c219-9375-4b8f-b8d7-a5c3f59d34d8, idFactura=FAC-794168
2026-04-06 10:43:32 - ID DUPLICADO: Duplicado detectado en BD. UUID=4114c219-9375-4b8f-b8d7-a5c3f59d34d8, idFactura=FAC-438354
2026-04-06 10:43:32 - ID DUPLICADO: Duplicado detectado en BD. UUID=4114c219-9375-4b8f-b8d7-a5c3f59d34d8, idFactura=FAC-846015
2026-04-06 10:43:32 - ID DUPLICADO: Duplicado detectado en BD. UUID=4114c219-9375-4b8f-b8d7-a5c3f59d34d8, idFactura=FAC-63080
2026-04-06 10:43:32 - ID DUPLICADO: Duplicado detectado en BD. UUID=4114c219-9375-4b8f-b8d7-a5c3f59d34d8, idFactura=FAC-178792
2026-04-06 10:43:32 - ID DUPLICADO: Duplicado detectado en BD. UUID=4114c219-9375-4b8f-b8d7-a5c3f59d34d8, idFactura=FAC-593392
2026-04-06 10:43:32 - ID DUPLICADO: Duplicado detectado en BD. UUID=4114c219-9375-4b8f-b8d7-a5c3f59d34d8, idFactura=FAC-129437
2026-04-06 10:43:32 - ID DUPLICADO: Duplicado detectado en BD. UUID=4114c219-9375-4b8f-b8d7-a5c3f59d34d8, idFactura=FAC-501139
2026-04-06 10:43:32 - ID DUPLICADO: Duplicado detectado en BD. UUID=4114c219-9375-4b8f-b8d7-a5c3f59d34d8, idFactura=FAC-292290
2026-04-06 10:43:32 - ID DUPLICADO: Duplicado detectado en BD. UUID=4114c219-9375-4b8f-b8d7-a5c3f59d34d8, idFactura=FAC-167764
2026-04-06 10:43:32 - ID DUPLICADO: Duplicado detectado en BD. UUID=4114c219-9375-4b8f-b8d7-a5c3f59d34d8, idFactura=FAC-91639
2026-04-06 10:43:32 - ID DUPLICADO: Duplicado detectado en BD. UUID=4114c219-9375-4b8f-b8d7-a5c3f59d34d8, idFactura=FAC-900604
2026-04-06 10:43:32 - ID DUPLICADO: Duplicado detectado en BD. UUID=4114c219-9375-4b8f-b8d7-a5c3f59d34d8, idFactura=FAC-121190
2026-04-06 10:43:32 - ID DUPLICADO: Duplicado detectado en BD. UUID=4114c219-9375-4b8f-b8d7-a5c3f59d34d8, idFactura=FAC-91316
2026-04-06 10:43:32 - ID DUPLICADO: Duplicado detectado en BD. UUID=4114c219-9375-4b8f-b8d7-a5c3f59d34d8, idFactura=FAC-693750
2026-04-06 10:43:32 - ID DUPLICADO: Duplicado detectado en BD. UUID=4114c219-9375-4b8f-b8d7-a5c3f59d34d8, idFactura=FAC-950044
2026-04-06 10:43:32 - ID DUPLICADO: Duplicado detectado en BD. UUID=4114c219-9375-4b8f-b8d7-a5c3f59d34d8, idFactura=FAC-546736
2026-04-06 10:43:32 - ID DUPLICADO: Duplicado detectado en BD. UUID=4114c219-9375-4b8f-b8d7-a5c3f59d34d8, idFactura=FAC-547253
2026-04-06 10:43:32 - ID DUPLICADO: Duplicado detectado en BD. UUID=4114c219-9375-4b8f-b8d7-a5c3f59d34d8, idFactura=FAC-322940
2026-04-06 10:43:32 - ID DUPLICADO: Duplicado detectado en BD. UUID=4114c219-9375-4b8f-b8d7-a5c3f59d34d8, idFactura=FAC-411731
2026-04-06 10:43:32 - ID DUPLICADO: Duplicado detectado en BD. UUID=4114c219-9375-4b8f-b8d7-a5c3f59d34d8, idFactura=FAC-309476
2026-04-06 10:43:32 - ID DUPLICADO: Duplicado detectado en BD. UUID=4114c219-9375-4b8f-b8d7-a5c3f59d34d8, idFactura=FAC-36484
2026-04-06 10:43:32 - ID DUPLICADO: Duplicado detectado en BD. UUID=4114c219-9375-4b8f-b8d7-a5c3f59d34d8, idFactura=FAC-52674
2026-04-06 10:43:32 - ID DUPLICADO: Duplicado detectado en BD. UUID=4114c219-9375-4b8f-b8d7-a5c3f59d34d8, idFactura=FAC-631859
2026-04-06 10:43:32 - ID DUPLICADO: Duplicado detectado en BD. UUID=4114c219-9375-4b8f-b8d7-a5c3f59d34d8, idFactura=FAC-522987
2026-04-06 10:43:32 - ID DUPLICADO: Duplicado detectado en BD. UUID=4114c219-9375-4b8f-b8d7-a5c3f59d34d8, idFactura=FAC-311103
2026-04-06 10:43:32 - ID DUPLICADO: Duplicado detectado en BD. UUID=4114c219-9375-4b8f-b8d7-a5c3f59d34d8, idFactura=FAC-544621
2026-04-06 10:43:32 - ID DUPLICADO: Duplicado detectado en BD. UUID=4114c219-9375-4b8f-b8d7-a5c3f59d34d8, idFactura=FAC-141977
2026-04-06 10:43:32 - ID DUPLICADO: Duplicado detectado en BD. UUID=4114c219-9375-4b8f-b8d7-a5c3f59d34d8, idFactura=FAC-59230
2026-04-06 10:43:32 - ID DUPLICADO: Duplicado detectado en BD. UUID=4114c219-9375-4b8f-b8d7-a5c3f59d34d8, idFactura=FAC-403683
2026-04-06 10:43:32 - ID DUPLICADO: Duplicado detectado en BD. UUID=4114c219-9375-4b8f-b8d7-a5c3f59d34d8, idFactura=FAC-385575
2026-04-06 10:43:32 - ID DUPLICADO: Duplicado detectado en BD. UUID=4114c219-9375-4b8f-b8d7-a5c3f59d34d8, idFactura=FAC-250005
2026-04-06 10:43:32 - ID DUPLICADO: Duplicado detectado en BD. UUID=4114c219-9375-4b8f-b8d7-a5c3f59d34d8, idFactura=FAC-10748
2026-04-06 10:43:32 - ID DUPLICADO: Duplicado detectado en BD. UUID=4114c219-9375-4b8f-b8d7-a5c3f59d34d8, idFactura=FAC-900714
2026-04-06 10:43:32 - ID DUPLICADO: Duplicado detectado en BD. UUID=4114c219-9375-4b8f-b8d7-a5c3f59d34d8, idFactura=FAC-26050
2026-04-06 10:43:32 - ID DUPLICADO: Duplicado detectado en BD. UUID=4114c219-9375-4b8f-b8d7-a5c3f59d34d8, idFactura=FAC-110992
2026-04-06 10:43:32 - ID DUPLICADO: Duplicado detectado en BD. UUID=4114c219-9375-4b8f-b8d7-a5c3f59d34d8, idFactura=FAC-465560
2026-04-06 10:43:32 - ID DUPLICADO: Duplicado detectado en BD. UUID=4114c219-9375-4b8f-b8d7-a5c3f59d34d8, idFactura=FAC-195631
2026-04-06 10:43:32 - ID DUPLICADO: Duplicado detectado en BD. UUID=4114c219-9375-4b8f-b8d7-a5c3f59d34d8, idFactura=FAC-8121
2026-04-06 10:43:32 - ID DUPLICADO: Duplicado detectado en BD. UUID=4114c219-9375-4b8f-b8d7-a5c3f59d34d8, idFactura=FAC-930469
2026-04-06 10:43:32 - ID DUPLICADO: Duplicado detectado en BD. UUID=4114c219-9375-4b8f-b8d7-a5c3f59d34d8, idFactura=FAC-568981
2026-04-06 10:43:32 - ID DUPLICADO: Duplicado detectado en BD. UUID=4114c219-9375-4b8f-b8d7-a5c3f59d34d8, idFactura=FAC-914427
2026-04-06 10:43:32 - ID DUPLICADO: Duplicado detectado en BD. UUID=4114c219-9375-4b8f-b8d7-a5c3f59d34d8, idFactura=FAC-233133
2026-04-06 10:43:32 - ID DUPLICADO: Duplicado detectado en BD. UUID=4114c219-9375-4b8f-b8d7-a5c3f59d34d8, idFactura=FAC-960419
2026-04-06 10:43:32 - ID DUPLICADO: Duplicado detectado en BD. UUID=4114c219-9375-4b8f-b8d7-a5c3f59d34d8, idFactura=FAC-515472
2026-04-06 10:43:32 - ID DUPLICADO: Duplicado detectado en BD. UUID=4114c219-9375-4b8f-b8d7-a5c3f59d34d8, idFactura=FAC-864942
2026-04-06 10:43:32 - ID DUPLICADO: Duplicado detectado en BD. UUID=4114c219-9375-4b8f-b8d7-a5c3f59d34d8, idFactura=FAC-42753
2026-04-06 10:43:32 - ID DUPLICADO: Duplicado detectado en BD. UUID=4114c219-9375-4b8f-b8d7-a5c3f59d34d8, idFactura=FAC-201386
2026-04-06 10:43:32 - ID DUPLICADO: Duplicado detectado en BD. UUID=4114c219-9375-4b8f-b8d7-a5c3f59d34d8, idFactura=FAC-228648
2026-04-06 10:43:32 - ID DUPLICADO: Duplicado detectado en BD. UUID=4114c219-9375-4b8f-b8d7-a5c3f59d34d8, idFactura=FAC-619483
2026-04-06 10:43:32 - ID DUPLICADO: Duplicado detectado en BD. UUID=4114c219-9375-4b8f-b8d7-a5c3f59d34d8, idFactura=FAC-782980
2026-04-06 10:43:32 - ID DUPLICADO: Duplicado detectado en BD. UUID=4114c219-9375-4b8f-b8d7-a5c3f59d34d8, idFactura=FAC-854146
2026-04-06 10:43:32 - ID DUPLICADO: Duplicado detectado en BD. UUID=4114c219-9375-4b8f-b8d7-a5c3f59d34d8, idFactura=FAC-643745
2026-04-06 10:43:32 - ID DUPLICADO: Duplicado detectado en BD. UUID=4114c219-9375-4b8f-b8d7-a5c3f59d34d8, idFactura=FAC-855929
2026-04-06 10:43:32 - ID DUPLICADO: Duplicado detectado en BD. UUID=4114c219-9375-4b8f-b8d7-a5c3f59d34d8, idFactura=FAC-892791
2026-04-06 10:43:32 - ID DUPLICADO: Duplicado detectado en BD. UUID=4114c219-9375-4b8f-b8d7-a5c3f59d34d8, idFactura=FAC-115411
2026-04-06 10:43:32 - ID DUPLICADO: Duplicado detectado en BD. UUID=4114c219-9375-4b8f-b8d7-a5c3f59d34d8, idFactura=FAC-865468
2026-04-06 10:43:32 - ID DUPLICADO: Duplicado detectado en BD. UUID=4114c219-9375-4b8f-b8d7-a5c3f59d34d8, idFactura=FAC-111680
2026-04-06 10:43:32 - ID DUPLICADO: Duplicado detectado en BD. UUID=4114c219-9375-4b8f-b8d7-a5c3f59d34d8, idFactura=FAC-972498
2026-04-06 10:43:32 - ID DUPLICADO: Duplicado detectado en BD. UUID=4114c219-9375-4b8f-b8d7-a5c3f59d34d8, idFactura=FAC-698027
2026-04-06 10:43:32 - ID DUPLICADO: Duplicado detectado en BD. UUID=4114c219-9375-4b8f-b8d7-a5c3f59d34d8, idFactura=FAC-323765
2026-04-06 10:43:32 - ID DUPLICADO: Duplicado detectado en BD. UUID=4114c219-9375-4b8f-b8d7-a5c3f59d34d8, idFactura=FAC-224311
2026-04-06 10:43:32 - ID DUPLICADO: Duplicado detectado en BD. UUID=4114c219-9375-4b8f-b8d7-a5c3f59d34d8, idFactura=FAC-253175
2026-04-06 10:43:32 - ID DUPLICADO: Duplicado detectado en BD. UUID=4114c219-9375-4b8f-b8d7-a5c3f59d34d8, idFactura=FAC-182767
2026-04-06 10:43:32 - ID DUPLICADO: Duplicado detectado en BD. UUID=4114c219-9375-4b8f-b8d7-a5c3f59d34d8, idFactura=FAC-430848
2026-04-06 10:43:32 - ID DUPLICADO: Duplicado detectado en BD. UUID=4114c219-9375-4b8f-b8d7-a5c3f59d34d8, idFactura=FAC-252037
2026-04-06 10:43:32 - ID DUPLICADO: Duplicado detectado en BD. UUID=4114c219-9375-4b8f-b8d7-a5c3f59d34d8, idFactura=FAC-583745
2026-04-06 10:43:32 - ID DUPLICADO: Duplicado detectado en BD. UUID=4114c219-9375-4b8f-b8d7-a5c3f59d34d8, idFactura=FAC-354982
2026-04-06 10:43:32 - ID DUPLICADO: Duplicado detectado en BD. UUID=4114c219-9375-4b8f-b8d7-a5c3f59d34d8, idFactura=FAC-201147
2026-04-06 11:49:07 - ID DUPLICADO: Duplicado detectado en BD. UUID=4114c219-9375-4b8f-b8d7-a5c3f59d34d8, idFactura=FAC-410662
2026-04-06 11:49:07 - ID DUPLICADO: Duplicado detectado en BD. UUID=4114c219-9375-4b8f-b8d7-a5c3f59d34d8, idFactura=FAC-187767
2026-04-06 11:49:07 - ID DUPLICADO: Duplicado detectado en BD. UUID=4114c219-9375-4b8f-b8d7-a5c3f59d34d8, idFactura=FAC-122799
2026-04-06 11:49:07 - ID DUPLICADO: Duplicado detectado en BD. UUID=4114c219-9375-4b8f-b8d7-a5c3f59d34d8, idFactura=FAC-89791
2026-04-06 11:49:07 - ID DUPLICADO: Duplicado detectado en BD. UUID=4114c219-9375-4b8f-b8d7-a5c3f59d34d8, idFactura=FAC-592883
2026-04-06 11:49:07 - ID DUPLICADO: Duplicado detectado en BD. UUID=4114c219-9375-4b8f-b8d7-a5c3f59d34d8, idFactura=FAC-120550
2026-04-06 11:49:07 - ID DUPLICADO: Duplicado detectado en BD. UUID=4114c219-9375-4b8f-b8d7-a5c3f59d34d8, idFactura=FAC-306501
2026-04-06 11:49:07 - ID DUPLICADO: Duplicado detectado en BD. UUID=4114c219-9375-4b8f-b8d7-a5c3f59d34d8, idFactura=FAC-108511
2026-04-06 11:49:07 - ID DUPLICADO: Duplicado detectado en BD. UUID=4114c219-9375-4b8f-b8d7-a5c3f59d34d8, idFactura=FAC-188667
2026-04-06 11:49:07 - ID DUPLICADO: Duplicado detectado en BD. UUID=4114c219-9375-4b8f-b8d7-a5c3f59d34d8, idFactura=FAC-630961
2026-04-06 11:49:07 - ID DUPLICADO: Duplicado detectado en BD. UUID=4114c219-9375-4b8f-b8d7-a5c3f59d34d8, idFactura=FAC-76344
2026-04-06 11:49:07 - ID DUPLICADO: Duplicado detectado en BD. UUID=4114c219-9375-4b8f-b8d7-a5c3f59d34d8, idFactura=FAC-325181
2026-04-06 11:49:07 - ID DUPLICADO: Duplicado detectado en BD. UUID=4114c219-9375-4b8f-b8d7-a5c3f59d34d8, idFactura=FAC-660788
2026-04-06 11:49:07 - ID DUPLICADO: Duplicado detectado en BD. UUID=4114c219-9375-4b8f-b8d7-a5c3f59d34d8, idFactura=FAC-142828
2026-04-06 11:49:07 - ID DUPLICADO: Duplicado detectado en BD. UUID=4114c219-9375-4b8f-b8d7-a5c3f59d34d8, idFactura=FAC-363454
2026-04-06 11:49:07 - ID DUPLICADO: Duplicado detectado en BD. UUID=4114c219-9375-4b8f-b8d7-a5c3f59d34d8, idFactura=FAC-206607
2026-04-06 11:49:07 - ID DUPLICADO: Duplicado detectado en BD. UUID=4114c219-9375-4b8f-b8d7-a5c3f59d34d8, idFactura=FAC-50174
2026-04-06 11:49:07 - ID DUPLICADO: Duplicado detectado en BD. UUID=4114c219-9375-4b8f-b8d7-a5c3f59d34d8, idFactura=FAC-81719
2026-04-06 11:49:07 - ID DUPLICADO: Duplicado detectado en BD. UUID=4114c219-9375-4b8f-b8d7-a5c3f59d34d8, idFactura=FAC-711874
2026-04-06 11:49:07 - ID DUPLICADO: Duplicado detectado en BD. UUID=4114c219-9375-4b8f-b8d7-a5c3f59d34d8, idFactura=FAC-454796
2026-04-06 11:49:07 - ID DUPLICADO: Duplicado detectado en BD. UUID=4114c219-9375-4b8f-b8d7-a5c3f59d34d8, idFactura=FAC-362620
2026-04-06 11:49:07 - ID DUPLICADO: Duplicado detectado en BD. UUID=4114c219-9375-4b8f-b8d7-a5c3f59d34d8, idFactura=FAC-114378
2026-04-06 11:49:07 - ID DUPLICADO: Duplicado detectado en BD. UUID=4114c219-9375-4b8f-b8d7-a5c3f59d34d8, idFactura=FAC-623513
2026-04-06 11:49:07 - ID DUPLICADO: Duplicado detectado en BD. UUID=4114c219-9375-4b8f-b8d7-a5c3f59d34d8, idFactura=FAC-827328
2026-04-06 11:49:07 - ID DUPLICADO: Duplicado detectado en BD. UUID=4114c219-9375-4b8f-b8d7-a5c3f59d34d8, idFactura=FAC-654588
2026-04-06 11:49:07 - ID DUPLICADO: Duplicado detectado en BD. UUID=4114c219-9375-4b8f-b8d7-a5c3f59d34d8, idFactura=FAC-230511
2026-04-06 11:49:07 - ID DUPLICADO: Duplicado detectado en BD. UUID=4114c219-9375-4b8f-b8d7-a5c3f59d34d8, idFactura=FAC-396110
2026-04-06 11:49:07 - ID DUPLICADO: Duplicado detectado en BD. UUID=4114c219-9375-4b8f-b8d7-a5c3f59d34d8, idFactura=FAC-17918
2026-04-06 11:49:07 - ID DUPLICADO: Duplicado detectado en BD. UUID=4114c219-9375-4b8f-b8d7-a5c3f59d34d8, idFactura=FAC-319426
2026-04-06 11:49:07 - ID DUPLICADO: Duplicado detectado en BD. UUID=4114c219-9375-4b8f-b8d7-a5c3f59d34d8, idFactura=FAC-765483
2026-04-06 11:49:07 - ID DUPLICADO: Duplicado detectado en BD. UUID=4114c219-9375-4b8f-b8d7-a5c3f59d34d8, idFactura=FAC-67754
2026-04-06 11:49:07 - ID DUPLICADO: Duplicado detectado en BD. UUID=4114c219-9375-4b8f-b8d7-a5c3f59d34d8, idFactura=FAC-492538
2026-04-06 11:49:07 - ID DUPLICADO: Duplicado detectado en BD. UUID=4114c219-9375-4b8f-b8d7-a5c3f59d34d8, idFactura=FAC-373653
2026-04-06 11:49:07 - ID DUPLICADO: Duplicado detectado en BD. UUID=4114c219-9375-4b8f-b8d7-a5c3f59d34d8, idFactura=FAC-445170
2026-04-06 11:49:07 - ID DUPLICADO: Duplicado detectado en BD. UUID=4114c219-9375-4b8f-b8d7-a5c3f59d34d8, idFactura=FAC-171254
2026-04-06 11:49:07 - ID DUPLICADO: Duplicado detectado en BD. UUID=4114c219-9375-4b8f-b8d7-a5c3f59d34d8, idFactura=FAC-97779
2026-04-06 11:49:07 - ID DUPLICADO: Duplicado detectado en BD. UUID=4114c219-9375-4b8f-b8d7-a5c3f59d34d8, idFactura=FAC-67515
2026-04-06 11:49:07 - ID DUPLICADO: Duplicado detectado en BD. UUID=4114c219-9375-4b8f-b8d7-a5c3f59d34d8, idFactura=FAC-141090
2026-04-06 11:49:07 - ID DUPLICADO: Duplicado detectado en BD. UUID=4114c219-9375-4b8f-b8d7-a5c3f59d34d8, idFactura=FAC-354373
2026-04-06 11:49:07 - ID DUPLICADO: Duplicado detectado en BD. UUID=4114c219-9375-4b8f-b8d7-a5c3f59d34d8, idFactura=FAC-410925
2026-04-06 11:49:07 - ID DUPLICADO: Duplicado detectado en BD. UUID=4114c219-9375-4b8f-b8d7-a5c3f59d34d8, idFactura=FAC-27995
2026-04-06 11:49:07 - ID DUPLICADO: Duplicado detectado en BD. UUID=4114c219-9375-4b8f-b8d7-a5c3f59d34d8, idFactura=FAC-190420
2026-04-06 11:49:07 - ID DUPLICADO: Duplicado detectado en BD. UUID=4114c219-9375-4b8f-b8d7-a5c3f59d34d8, idFactura=FAC-605932
2026-04-06 11:49:07 - ID DUPLICADO: Duplicado detectado en BD. UUID=4114c219-9375-4b8f-b8d7-a5c3f59d34d8, idFactura=FAC-895423
2026-04-06 11:49:07 - ID DUPLICADO: Duplicado detectado en BD. UUID=4114c219-9375-4b8f-b8d7-a5c3f59d34d8, idFactura=FAC-46392
2026-04-06 11:49:07 - ID DUPLICADO: Duplicado detectado en BD. UUID=4114c219-9375-4b8f-b8d7-a5c3f59d34d8, idFactura=FAC-198328
2026-04-06 11:49:07 - ID DUPLICADO: Duplicado detectado en BD. UUID=4114c219-9375-4b8f-b8d7-a5c3f59d34d8, idFactura=FAC-313983
2026-04-06 11:49:07 - ID DUPLICADO: Duplicado detectado en BD. UUID=4114c219-9375-4b8f-b8d7-a5c3f59d34d8, idFactura=FAC-234726
2026-04-06 11:49:07 - ID DUPLICADO: Duplicado detectado en BD. UUID=4114c219-9375-4b8f-b8d7-a5c3f59d34d8, idFactura=FAC-315097
2026-04-06 11:49:07 - ID DUPLICADO: Duplicado detectado en BD. UUID=4114c219-9375-4b8f-b8d7-a5c3f59d34d8, idFactura=FAC-725582
2026-04-06 11:49:07 - ID DUPLICADO: Duplicado detectado en BD. UUID=4114c219-9375-4b8f-b8d7-a5c3f59d34d8, idFactura=FAC-534318
2026-04-06 11:49:07 - ID DUPLICADO: Duplicado detectado en BD. UUID=4114c219-9375-4b8f-b8d7-a5c3f59d34d8, idFactura=FAC-516589
2026-04-06 11:49:07 - ID DUPLICADO: Duplicado detectado en BD. UUID=4114c219-9375-4b8f-b8d7-a5c3f59d34d8, idFactura=FAC-8040
2026-04-06 11:49:07 - ID DUPLICADO: Duplicado detectado en BD. UUID=4114c219-9375-4b8f-b8d7-a5c3f59d34d8, idFactura=FAC-362234
2026-04-06 11:49:07 - ID DUPLICADO: Duplicado detectado en BD. UUID=4114c219-9375-4b8f-b8d7-a5c3f59d34d8, idFactura=FAC-607998
2026-04-06 11:49:07 - ID DUPLICADO: Duplicado detectado en BD. UUID=4114c219-9375-4b8f-b8d7-a5c3f59d34d8, idFactura=FAC-900346
2026-04-06 11:49:07 - ID DUPLICADO: Duplicado detectado en BD. UUID=4114c219-9375-4b8f-b8d7-a5c3f59d34d8, idFactura=FAC-97469
2026-04-06 11:49:07 - ID DUPLICADO: Duplicado detectado en BD. UUID=4114c219-9375-4b8f-b8d7-a5c3f59d34d8, idFactura=FAC-829821
2026-04-06 11:49:07 - ID DUPLICADO: Duplicado detectado en BD. UUID=4114c219-9375-4b8f-b8d7-a5c3f59d34d8, idFactura=FAC-352027
2026-04-06 11:49:07 - ID DUPLICADO: Duplicado detectado en BD. UUID=4114c219-9375-4b8f-b8d7-a5c3f59d34d8, idFactura=FAC-641930
2026-04-06 11:49:07 - ID DUPLICADO: Duplicado detectado en BD. UUID=4114c219-9375-4b8f-b8d7-a5c3f59d34d8, idFactura=FAC-460184
2026-04-06 11:49:07 - ID DUPLICADO: Duplicado detectado en BD. UUID=4114c219-9375-4b8f-b8d7-a5c3f59d34d8, idFactura=FAC-758439
2026-04-06 11:49:07 - ID DUPLICADO: Duplicado detectado en BD. UUID=4114c219-9375-4b8f-b8d7-a5c3f59d34d8, idFactura=FAC-395864
2026-04-06 11:49:07 - ID DUPLICADO: Duplicado detectado en BD. UUID=4114c219-9375-4b8f-b8d7-a5c3f59d34d8, idFactura=FAC-767713
2026-04-06 11:49:07 - ID DUPLICADO: Duplicado detectado en BD. UUID=4114c219-9375-4b8f-b8d7-a5c3f59d34d8, idFactura=FAC-957109
2026-04-06 11:49:07 - ID DUPLICADO: Duplicado detectado en BD. UUID=4114c219-9375-4b8f-b8d7-a5c3f59d34d8, idFactura=FAC-189061
2026-04-06 11:49:07 - ID DUPLICADO: Duplicado detectado en BD. UUID=4114c219-9375-4b8f-b8d7-a5c3f59d34d8, idFactura=FAC-212623
2026-04-06 11:49:07 - ID DUPLICADO: Duplicado detectado en BD. UUID=4114c219-9375-4b8f-b8d7-a5c3f59d34d8, idFactura=FAC-968548
2026-04-06 11:49:07 - ID DUPLICADO: Duplicado detectado en BD. UUID=4114c219-9375-4b8f-b8d7-a5c3f59d34d8, idFactura=FAC-164559
2026-04-06 11:49:07 - ID DUPLICADO: Duplicado detectado en BD. UUID=4114c219-9375-4b8f-b8d7-a5c3f59d34d8, idFactura=FAC-91619
2026-04-06 11:49:07 - ID DUPLICADO: Duplicado detectado en BD. UUID=4114c219-9375-4b8f-b8d7-a5c3f59d34d8, idFactura=FAC-77560
2026-04-06 11:49:07 - ID DUPLICADO: Duplicado detectado en BD. UUID=4114c219-9375-4b8f-b8d7-a5c3f59d34d8, idFactura=FAC-675192
2026-04-06 11:49:07 - ID DUPLICADO: Duplicado detectado en BD. UUID=4114c219-9375-4b8f-b8d7-a5c3f59d34d8, idFactura=FAC-486393
2026-04-06 11:49:07 - ID DUPLICADO: Duplicado detectado en BD. UUID=4114c219-9375-4b8f-b8d7-a5c3f59d34d8, idFactura=FAC-145682
2026-04-06 11:49:07 - ID DUPLICADO: Duplicado detectado en BD. UUID=4114c219-9375-4b8f-b8d7-a5c3f59d34d8, idFactura=FAC-631636
2026-04-06 11:49:07 - ID DUPLICADO: Duplicado detectado en BD. UUID=4114c219-9375-4b8f-b8d7-a5c3f59d34d8, idFactura=FAC-638221
2026-04-06 11:49:07 - ID DUPLICADO: Duplicado detectado en BD. UUID=4114c219-9375-4b8f-b8d7-a5c3f59d34d8, idFactura=FAC-671752
2026-04-06 11:49:07 - ID DUPLICADO: Duplicado detectado en BD. UUID=4114c219-9375-4b8f-b8d7-a5c3f59d34d8, idFactura=FAC-501064
2026-04-06 11:49:07 - ID DUPLICADO: Duplicado detectado en BD. UUID=4114c219-9375-4b8f-b8d7-a5c3f59d34d8, idFactura=FAC-25829
2026-04-06 11:49:07 - ID DUPLICADO: Duplicado detectado en BD. UUID=4114c219-9375-4b8f-b8d7-a5c3f59d34d8, idFactura=FAC-278509
2026-04-06 11:49:07 - ID DUPLICADO: Duplicado detectado en BD. UUID=4114c219-9375-4b8f-b8d7-a5c3f59d34d8, idFactura=FAC-529234
2026-04-06 11:49:07 - ID DUPLICADO: Duplicado detectado en BD. UUID=4114c219-9375-4b8f-b8d7-a5c3f59d34d8, idFactura=FAC-244524
2026-04-06 11:49:07 - ID DUPLICADO: Duplicado detectado en BD. UUID=4114c219-9375-4b8f-b8d7-a5c3f59d34d8, idFactura=FAC-646628
2026-04-06 11:49:07 - ID DUPLICADO: Duplicado detectado en BD. UUID=4114c219-9375-4b8f-b8d7-a5c3f59d34d8, idFactura=FAC-393931
2026-04-06 11:49:07 - ID DUPLICADO: Duplicado detectado en BD. UUID=4114c219-9375-4b8f-b8d7-a5c3f59d34d8, idFactura=FAC-906160
2026-04-06 11:49:07 - ID DUPLICADO: Duplicado detectado en BD. UUID=4114c219-9375-4b8f-b8d7-a5c3f59d34d8, idFactura=FAC-484601
2026-04-06 11:49:07 - ID DUPLICADO: Duplicado detectado en BD. UUID=4114c219-9375-4b8f-b8d7-a5c3f59d34d8, idFactura=FAC-26351
2026-04-06 11:49:07 - ID DUPLICADO: Duplicado detectado en BD. UUID=4114c219-9375-4b8f-b8d7-a5c3f59d34d8, idFactura=FAC-67270
2026-04-06 11:49:07 - ID DUPLICADO: Duplicado detectado en BD. UUID=4114c219-9375-4b8f-b8d7-a5c3f59d34d8, idFactura=FAC-205307
2026-04-06 11:49:07 - ID DUPLICADO: Duplicado detectado en BD. UUID=4114c219-9375-4b8f-b8d7-a5c3f59d34d8, idFactura=FAC-580338
2026-04-06 11:49:07 - ID DUPLICADO: Duplicado detectado en BD. UUID=4114c219-9375-4b8f-b8d7-a5c3f59d34d8, idFactura=FAC-836740
2026-04-06 11:49:07 - ID DUPLICADO: Duplicado detectado en BD. UUID=4114c219-9375-4b8f-b8d7-a5c3f59d34d8, idFactura=FAC-173008
2026-04-06 11:49:07 - ID DUPLICADO: Duplicado detectado en BD. UUID=4114c219-9375-4b8f-b8d7-a5c3f59d34d8, idFactura=FAC-806774
2026-04-06 11:49:07 - ID DUPLICADO: Duplicado detectado en BD. UUID=4114c219-9375-4b8f-b8d7-a5c3f59d34d8, idFactura=FAC-975954
2026-04-06 11:49:07 - ID DUPLICADO: Duplicado detectado en BD. UUID=4114c219-9375-4b8f-b8d7-a5c3f59d34d8, idFactura=FAC-474997
2026-04-06 11:49:07 - ID DUPLICADO: Duplicado detectado en BD. UUID=4114c219-9375-4b8f-b8d7-a5c3f59d34d8, idFactura=FAC-831401
2026-04-06 11:49:07 - ID DUPLICADO: Duplicado detectado en BD. UUID=4114c219-9375-4b8f-b8d7-a5c3f59d34d8, idFactura=FAC-268066
2026-04-06 11:49:07 - ID DUPLICADO: Duplicado detectado en BD. UUID=4114c219-9375-4b8f-b8d7-a5c3f59d34d8, idFactura=FAC-773105
2026-04-06 11:49:07 - ID DUPLICADO: Duplicado detectado en BD. UUID=4114c219-9375-4b8f-b8d7-a5c3f59d34d8, idFactura=FAC-389781
